Number,IF Internal ID,Updated By - Username
SO141449,7575103,rodrigoa
SO141451,7575107,rodrigoa
SO141455,7575110,rodrigoa
SO141490,7574598,oscarr
SO141425,7574599,oscarr
SO141499,7574600,rodrigoa
SO141488,7574601,oscarr
SO141469,7574602,oscarr
SO141489,7574691,oscarr
SO141477,7574590,oscarr
SO141461,7574591,rodrigoa
SO141450,7574592,oscarr
SO141454,7574594,oscarr
SO141482,7574595,oscarr
SO141443,7574597,rodrigoa
SO141434,7574225,oscarr
SO141432,7574226,rodrigoa
SO141410,7574221,oscarr
SO141429,7574222,rodrigoa
SO141426,7574223,rodrigoa
SO141422,7574224,oscarr
SO141401,7574216,rodrigoa
SO141406,7574217,rodrigoa
SO141407,7574218,oscarr
SO141402,7574212,oscarr
SO141444,7574214,oscarr
SO141403,7574215,rodrigoa
SO141408,7574189,rodrigoa
SO141485,7574192,rodrigoa
SO141486,7574194,oscarr
SO141420,7574195,rodrigoa
SO141476,7574188,rodrigoa
SO141423,7574184,rodrigoa
SO141437,7574185,rodrigoa
SO141414,7574186,rodrigoa
SO141415,7570232,rodrigoa
SO141416,7570233,rodrigoa
SO141394,7569516,rodrigoa
SO141202,7569816,rodrigoa
SO141308,7569815,rodrigoa
SO141298,7569814,rodrigoa
SO141331,7569813,rodrigoa
SO141313,7569812,rodrigoa
SO141397,7569015,rodrigoa
SO141398,7569512,rodrigoa
SO141396,7569513,rodrigoa
SO141392,7569514,oscarr
SO141395,7569515,oscarr
SO141390,7569014,rodrigoa
SO141374,7569010,rodrigoa
SO141383,7569013,rodrigoa
SO140531,7568614,oscarr
SO141365,7568607,oscarr
SO141361,7568608,oscarr
SO141381,7568609,oscarr
SO141372,7568610,oscarr
SO141359,7568611,oscarr
SO141360,7568612,oscarr
SO141350,7568115,oscarr
SO141375,7568207,oscarr
SO141341,7568106,oscarr
SO141335,7568107,oscarr
SO141343,7568110,oscarr
SO141336,7568113,oscarr
SO141327,7568103,oscarr
SO141370,7567704,rodrigoa
SO141305,7567705,oscarr
SO141366,7567706,oscarr
SO141363,7567707,oscarr
SO141376,7567708,oscarr
SO141306,7567709,oscarr
SO141364,7567710,oscarr
SO141367,7567703,rodrigoa
SO141312,7567701,Miguel
SO141285,7567032,oscarr
SO141352,7567033,oscarr
SO141362,7567021,rodrigoa
SO141357,7567022,rodrigoa
SO141292,7567024,oscarr
SO141295,7567025,oscarr
SO141274,7567026,oscarr
SO141369,7567027,rodrigoa
SO141349,7567028,rodrigoa
SO141353,7567029,Miguel
SO141330,7567010,rodrigoa
SO141337,7567020,rodrigoa
SO141338,7566993,rodrigoa
SO141340,7566995,rodrigoa
SO141347,7566999,rodrigoa
SO141323,7567004,rodrigoa
SO141291,7566985,rodrigoa
SO141287,7566986,rodrigoa
SO141300,7566987,rodrigoa
SO141302,7566988,rodrigoa
SO141284,7566989,rodrigoa
SO141320,7566990,rodrigoa
SO141311,7566991,rodrigoa
SO141296,7566992,rodrigoa
SO141184,7566984,rodrigoa
SO141329,7566582,rodrigoa
SO141334,7566589,rodrigoa
SO141345,7566592,rodrigoa
SO141277,7565784,oscarr
SO141304,7565785,oscarr
SO141339,7565786,oscarr
SO141332,7565787,oscarr
SO141324,7565789,oscarr
SO141288,7565791,oscarr
SO141328,7565781,oscarr
SO141280,7565782,oscarr
SO141294,7565783,oscarr
SO141244,7560947,oscarr
SO141263,7560948,oscarr
SO141261,7560949,oscarr
SO141240,7560950,oscarr
SO141248,7560451,oscarr
SO141265,7560450,rodrigoa
SO141255,7560446,oscarr
SO141262,7560447,oscarr
SO141249,7560448,oscarr
SO141260,7560449,oscarr
SO141264,7559656,oscarr
SO141247,7559654,rodrigoa
SO141259,7559655,rodrigoa
SO140710,7559651,oscarr
SO141246,7559652,rodrigoa
SO141241,7559653,rodrigoa
SO141225,7559646,rodrigoa
SO141237,7559647,rodrigoa
SO141231,7559648,rodrigoa
SO141222,7559649,rodrigoa
SO141242,7559650,rodrigoa
SO140250,7559645,oscarr
SO141221,7559371,rodrigoa
SO141193,7559354,rodrigoa
SO141218,7559360,rodrigoa
SO141201,7559362,rodrigoa
SO141207,7559350,rodrigoa
SO141092,7558852,oscarr
SO141177,7558855,rodrigoa
SO141180,7558858,rodrigoa
SO141179,7558859,rodrigoa
SO141186,7558862,rodrigoa
SO141185,7558863,rodrigoa
SO141189,7558864,rodrigoa
SO139856,7558865,oscarr
SO141174,7558866,rodrigoa
SO141239,7558849,oscarr
SO141152,7558850,rodrigoa
SO141139,7558851,rodrigoa
SO141211,7558840,oscarr
SO140571,7558841,oscarr
SO140687,7558842,rodrigoa
SO141167,7558843,rodrigoa
SO141210,7558844,oscarr
SO141206,7558845,oscarr
SO141228,7558846,oscarr
SO141171,7558847,rodrigoa
SO141238,7558848,oscarr
SO141119,7557966,rodrigoa
SO141095,7557967,rodrigoa
SO141229,7557968,oscarr
SO141216,7557658,oscarr
SO141097,7557659,rodrigoa
SO141217,7557660,oscarr
SO141086,7557662,rodrigoa
SO141085,7558140,rodrigoa
SO141232,7558141,oscarr
SO141169,7558144,oscarr
SO141093,7557655,rodrigoa
SO141176,7557657,oscarr
SO141154,7557953,oscarr
SO141158,7557958,oscarr
SO141063,7557960,rodrigoa
SO141164,7557961,oscarr
SO141165,7557962,oscarr
SO141130,7557965,oscarr
SO141079,7557946,rodrigoa
SO141146,7557947,oscarr
SO141076,7557948,rodrigoa
SO141123,7557646,oscarr
SO140983,7557648,rodrigoa
SO141129,7557651,oscarr
SO141047,7557653,rodrigoa
SO141220,7557632,oscarr
SO141081,7557634,oscarr
SO141057,7557636,rodrigoa
SO141099,7557637,oscarr
SO141114,7557638,oscarr
SO141059,7557639,rodrigoa
SO141117,7557640,oscarr
SO141101,7557642,oscarr
SO141064,7557643,rodrigoa
SO141043,7557644,rodrigoa
SO141102,7557645,oscarr
SO140633,7557526,rodrigoa
SO141162,7556932,rodrigoa
SO141196,7556933,rodrigoa
SO141198,7556934,rodrigoa
SO141213,7556935,oscarr
SO141197,7556936,rodrigoa
SO141163,7556931,rodrigoa
SO141080,7556930,oscarr
SO141159,7556558,oscarr
SO141007,7556926,oscarr
SO140960,7556927,oscarr
SO141075,7556928,oscarr
SO140858,7556929,oscarr
SO141209,7556726,oscarr
SO141135,7556727,oscarr
SO141188,7556728,oscarr
SO141183,7556729,oscarr
SO141140,7556534,oscarr
SO141143,7556539,oscarr
SO141155,7556543,oscarr
SO140933,7556544,oscarr
SO141161,7556548,oscarr
SO141142,7556529,oscarr
SO141138,7556532,oscarr
SO141031,7553971,sophiachau@water-creation.com
SO140786,7553670,sophiachau@water-creation.com
SO140772,7553669,sophiachau@water-creation.com
SO141010,7553568,sophiachau@water-creation.com
SO140898,7553367,Miguel
SO141038,7553365,rodrigoa
SO141040,7553366,rodrigoa
SO140892,7552269,Miguel
SO140956,7552270,rodrigoa
SO140962,7552258,rodrigoa
SO141009,7552259,rodrigoa
SO141056,7552260,Miguel
SO140857,7552261,oscarr
SO141014,7552262,rodrigoa
SO141035,7552263,Miguel
SO140905,7552264,oscarr
SO140969,7552265,rodrigoa
SO140863,7552266,Miguel
SO141000,7552267,rodrigoa
SO140891,7552268,Miguel
SO140974,7552595,Miguel
SO140870,7552596,Miguel
SO140934,7552597,Miguel
SO140856,7552574,Miguel
SO140855,7552575,Miguel
SO140920,7552576,rodrigoa
SO141017,7552577,Miguel
SO140901,7552578,rodrigoa
SO140925,7552579,Miguel
SO140965,7552580,Miguel
SO140966,7552581,Miguel
SO140862,7552582,Miguel
SO140926,7552583,Miguel
SO140864,7552584,Miguel
SO141020,7552585,Miguel
SO140902,7552586,rodrigoa
SO141018,7552587,Miguel
SO141022,7552588,Miguel
SO140928,7552589,rodrigoa
SO140927,7552590,Miguel
SO140829,7552591,oscarr
SO140908,7552592,rodrigoa
SO140973,7552593,Miguel
SO140931,7552594,rodrigoa
SO141030,7552555,Miguel
SO140873,7552556,Miguel
SO140911,7552557,Miguel
SO140939,7552558,Miguel
SO140975,7552559,Miguel
SO141033,7552560,Miguel
SO140942,7552561,rodrigoa
SO140839,7552562,Miguel
SO140883,7552563,Miguel
SO141036,7552564,Miguel
SO140945,7552565,Miguel
SO140946,7552566,Miguel
SO140950,7552567,Miguel
SO140949,7552568,rodrigoa
SO140832,7552569,Miguel
SO140952,7552570,Miguel
SO141045,7552571,Miguel
SO140849,7552572,Miguel
SO140954,7552573,Miguel
SO140886,7552000,rodrigoa
SO140866,7552001,rodrigoa
SO140828,7552255,oscarr
SO140893,7552256,rodrigoa
SO140878,7551992,rodrigoa
SO140812,7551993,oscarr
SO140814,7551995,oscarr
SO140877,7551996,rodrigoa
SO140813,7551997,oscarr
SO140821,7551999,oscarr
SO140806,7551989,oscarr
SO140995,7551972,rodrigoa
SO140807,7551973,rodrigoa
SO140775,7551976,rodrigoa
SO141107,7551977,rodrigoa
SO140755,7551979,rodrigoa
SO140800,7551980,oscarr
SO140801,7551982,oscarr
SO141054,7551985,rodrigoa
SO140826,7551986,rodrigoa
SO140788,7551966,oscarr
SO140769,7551970,oscarr
SO140748,7551949,oscarr
SO140767,7551950,oscarr
SO140792,7551951,oscarr
SO140773,7551953,oscarr
SO140747,7551954,oscarr
SO140798,7551956,oscarr
SO141073,7551960,Miguel
SO141105,7551961,oscarr
SO140935,7550968,oscarr
SO140959,7550969,oscarr
SO140976,7550970,oscarr
SO141049,7550971,Miguel
SO140980,7550972,oscarr
SO141062,7550975,oscarr
SO141072,7550976,oscarr
SO140947,7550979,oscarr
SO140796,7551647,sophiachau@water-creation.com
SO140823,7550957,oscarr
SO140917,7550954,oscarr
SO141053,7550955,rodrigoa
SO140835,7550956,oscarr
SO141004,7550947,rodrigoa
SO140789,7550948,oscarr
SO140986,7550949,rodrigoa
SO141065,7550950,Miguel
SO141106,7550951,oscarr
SO140790,7550952,rodrigoa
SO140985,7550953,rodrigoa
SO141055,7550556,rodrigoa
SO141103,7550557,oscarr
SO141058,7550558,rodrigoa
SO141104,7550559,oscarr
SO141003,7550946,oscarr
SO141021,7550849,rodrigoa
SO140993,7550850,oscarr
SO141026,7550851,rodrigoa
SO141013,7550553,rodrigoa
SO141019,7550547,rodrigoa
SO140982,7550550,rodrigoa
SO140938,7549856,rodrigoa
SO140967,7549857,rodrigoa
SO140937,7549858,rodrigoa
SO140924,7549859,rodrigoa
SO140953,7549860,rodrigoa
SO140895,7549843,rodrigoa
SO140919,7549844,rodrigoa
SO141068,7549845,oscarr
SO140881,7549846,rodrigoa
SO141061,7549847,oscarr
SO141069,7549848,oscarr
SO141042,7549849,oscarr
SO140903,7549850,rodrigoa
SO140992,7549851,oscarr
SO141002,7549852,oscarr
SO140999,7549853,oscarr
SO141028,7549854,oscarr
SO140872,7549855,rodrigoa
SO140869,7549586,rodrigoa
SO140802,7549587,rodrigoa
SO140929,7549591,oscarr
SO140804,7549593,rodrigoa
SO140916,7549573,oscarr
SO140958,7549574,oscarr
SO140961,7549575,oscarr
SO140833,7549576,rodrigoa
SO140944,7549577,oscarr
SO140964,7549578,oscarr
SO140913,7549580,oscarr
SO140761,7549569,rodrigoa
SO140991,7549570,oscarr
SO140850,7549555,oscarr
SO141005,7549557,rodrigoa
SO140746,7549558,rodrigoa
SO140852,7549559,oscarr
SO140854,7549560,oscarr
SO140749,7549561,rodrigoa
SO140752,7549562,rodrigoa
SO140861,7549563,oscarr
SO140865,7549565,oscarr
SO140970,7549566,rodrigoa
SO140756,7549567,rodrigoa
SO140909,7549568,oscarr
SO140874,7549544,oscarr
SO140885,7549551,oscarr
SO140889,7549554,oscarr
SO140989,7548840,oscarr
SO140847,7548841,oscarr
SO140990,7548842,oscarr
SO140838,7548843,rodrigoa
SO140836,7548844,oscarr
SO140815,7548845,oscarr
SO140840,7548846,oscarr
SO140816,7548847,rodrigoa
SO140760,7548443,rodrigoa
SO140799,7548444,oscarr
SO140793,7548445,oscarr
SO140797,7548446,oscarr
SO140987,7548447,rodrigoa
SO140784,7548439,oscarr
SO140785,7548440,oscarr
SO140758,7548441,rodrigoa
SO140759,7548442,rodrigoa
SO140750,7548436,oscarr
SO140984,7548437,oscarr
SO140768,7548438,oscarr
SO140721,7531574,rodrigoa
SO140723,7531970,rodrigoa
SO140734,7531569,rodrigoa
SO140736,7531570,rodrigoa
SO140741,7531571,rodrigoa
SO140722,7531572,rodrigoa
SO140729,7531573,rodrigoa
SO140719,7530568,rodrigoa
SO140718,7530561,rodrigoa
SO140645,7530563,oscarr
SO140737,7530564,Miguel
SO140727,7530567,rodrigoa
SO140235,7530558,rodrigoa
SO140717,7530559,rodrigoa
SO140707,7530554,oscarr
SO140701,7530556,oscarr
SO140688,7530453,oscarr
SO140689,7530454,oscarr
SO140684,7530455,rodrigoa
SO140690,7530456,oscarr
SO140716,7530459,oscarr
SO140698,7530461,oscarr
SO140682,7530467,rodrigoa
SO140708,7530151,rodrigoa
SO140699,7530152,rodrigoa
SO140700,7530153,rodrigoa
SO140703,7529258,rodrigoa
SO140704,7529257,rodrigoa
SO140685,7529254,rodrigoa
SO140695,7529255,rodrigoa
SO140696,7529256,rodrigoa
SO140683,7529247,rodrigoa
SO140436,7528558,Miguel
SO140638,7528543,rodrigoa
SO140636,7528546,rodrigoa
SO140671,7528548,rodrigoa
SO140641,7528549,rodrigoa
SO140663,7528550,Miguel
SO140652,7528551,rodrigoa
SO140630,7528552,rodrigoa
SO140664,7527660,rodrigoa
SO140628,7527662,rodrigoa
SO140418,7527663,Miguel
SO140678,7527667,oscarr
SO140669,7527668,oscarr
SO140621,7527670,rodrigoa
SO140626,7527653,oscarr
SO140658,7527654,oscarr
SO140657,7527657,oscarr
SO140644,7527658,oscarr
SO140668,7527659,oscarr
SO140627,7527642,oscarr
SO140649,7527644,oscarr
SO140674,7527645,oscarr
SO140653,7527648,oscarr
SO140647,7527442,oscarr
SO140617,7527443,oscarr
SO140640,7527444,oscarr
SO140648,7527445,oscarr
SO140631,7527447,oscarr
SO140625,7527448,oscarr
SO140632,7527450,oscarr
SO140642,7527451,oscarr
SO140623,7527452,oscarr
SO140637,7527156,oscarr
SO140608,7523403,rodrigoa
SO140615,7523404,rodrigoa
SO140607,7523405,rodrigoa
SO140611,7523406,rodrigoa
SO140614,7523407,rodrigoa
SO140612,7523408,rodrigoa
SO140597,7523399,rodrigoa
SO140606,7523400,rodrigoa
SO140600,7523401,rodrigoa
SO140601,7523402,rodrigoa
SO140604,7523395,rodrigoa
SO140605,7523396,rodrigoa
SO140596,7523397,rodrigoa
SO140603,7523398,rodrigoa
SO140517,7523092,rodrigoa
SO140593,7522597,rodrigoa
SO140568,7522602,rodrigoa
SO140592,7522603,rodrigoa
SO140576,7522191,rodrigoa
SO140574,7522192,rodrigoa
SO140583,7522193,rodrigoa
SO140580,7522194,rodrigoa
SO140582,7522196,rodrigoa
SO140556,7522197,rodrigoa
SO140564,7521888,rodrigoa
SO140559,7521890,rodrigoa
SO140569,7521891,rodrigoa
SO140570,7521892,rodrigoa
SO140562,7521893,rodrigoa
SO140572,7521894,rodrigoa
SO140551,7521895,rodrigoa
SO140527,7521487,rodrigoa
SO140577,7521488,rodrigoa
SO140512,7521489,rodrigoa
SO140522,7521490,rodrigoa
SO140516,7521491,rodrigoa
SO140534,7521492,rodrigoa
SO138749,7521493,rodrigoa
SO140511,7521484,rodrigoa
SO140496,7521486,rodrigoa
SO140560,7520890,rodrigoa
SO140497,7520891,rodrigoa
SO140506,7520878,rodrigoa
SO140545,7520879,rodrigoa
SO140553,7520881,rodrigoa
SO140509,7520882,rodrigoa
SO140490,7520883,rodrigoa
SO140492,7520886,rodrigoa
SO140540,7520887,rodrigoa
SO140537,7520871,rodrigoa
SO140549,7520872,rodrigoa
SO140547,7520873,rodrigoa
SO140525,7520874,rodrigoa
SO140526,7520875,rodrigoa
SO140532,7520876,rodrigoa
SO140543,7520877,rodrigoa
SO140491,7520470,rodrigoa
SO140503,7520471,rodrigoa
SO140515,7520472,rodrigoa
SO140524,7520473,rodrigoa
SO140513,7520474,rodrigoa
SO140502,7520475,rodrigoa
SO140500,7520476,rodrigoa
SO140554,7520078,rodrigoa
SO140544,7520079,rodrigoa
SO140529,7520080,rodrigoa
SO140482,7515696,rodrigoa
SO140484,7515697,rodrigoa
SO140487,7515698,rodrigoa
SO140414,7515694,Miguel
SO140477,7515695,rodrigoa
SO140397,7515692,rodrigoa
SO140399,7515690,rodrigoa
SO140390,7515689,rodrigoa
SO140475,7515287,rodrigoa
SO140476,7515286,rodrigoa
SO140462,7514984,oscarr
SO140474,7514985,rodrigoa
SO140464,7514986,oscarr
SO140468,7514987,rodrigoa
SO140456,7514988,oscarr
SO140467,7514989,rodrigoa
SO140469,7514990,rodrigoa
SO140466,7514685,rodrigoa
SO140453,7513997,oscarr
SO140454,7513998,oscarr
SO140424,7513394,oscarr
SO140447,7513984,rodrigoa
SO140445,7513985,rodrigoa
SO140449,7513988,rodrigoa
SO140448,7513990,rodrigoa
SO140435,7513992,oscarr
SO140438,7513993,oscarr
SO140437,7513994,oscarr
SO140455,7513995,oscarr
SO140442,7513996,oscarr
SO140441,7513388,rodrigoa
SO140451,7513389,rodrigoa
SO140398,7513390,oscarr
SO140446,7513392,rodrigoa
SO140421,7513393,oscarr
SO140440,7513387,rodrigoa
SO140386,7513380,oscarr
SO140383,7513381,oscarr
SO140378,7513382,oscarr
SO139706,7513383,Miguel
SO140392,7513384,oscarr
SO140379,7513385,oscarr
SO140391,7513386,oscarr
SO140427,7512694,rodrigoa
SO140430,7512695,rodrigoa
SO140371,7512696,oscarr
SO140433,7512697,oscarr
SO140381,7512698,oscarr
SO140372,7512699,oscarr
SO139668,7512700,Miguel
SO140365,7512701,oscarr
SO140429,7512703,rodrigoa
SO140376,7512684,rodrigoa
SO140412,7512685,rodrigoa
SO140432,7512686,rodrigoa
SO140373,7512687,rodrigoa
SO140389,7512688,rodrigoa
SO140400,7512689,rodrigoa
SO140423,7512690,rodrigoa
SO140410,7512691,rodrigoa
SO140382,7512692,rodrigoa
SO140404,7512693,rodrigoa
SO140395,7512676,rodrigoa
SO140409,7512677,rodrigoa
SO140426,7512678,rodrigoa
SO140439,7512680,rodrigoa
SO140401,7512681,rodrigoa
SO140420,7512682,rodrigoa
SO140422,7512683,rodrigoa
SO140384,7512379,rodrigoa
SO140394,7512383,rodrigoa
SO140387,7512384,rodrigoa
SO140434,7512385,rodrigoa
SO140380,7512386,rodrigoa
SO140375,7508732,rodrigoa
SO140374,7508733,Miguel
SO140369,7508734,rodrigoa
SO140360,7507622,rodrigoa
SO140361,7507623,oscarr
SO140363,7507624,rodrigoa
SO140359,7507625,rodrigoa
SO140281,7507626,oscarr
SO140368,7507618,oscarr
SO140351,7507619,rodrigoa
SO140318,7507620,Miguel
SO140345,7507621,rodrigoa
SO140326,7507617,rodrigoa
SO140358,7507611,Miguel
SO140298,7507612,rodrigoa
SO140305,7507613,rodrigoa
SO140353,7507614,rodrigoa
SO140307,7507615,rodrigoa
SO140293,7507616,rodrigoa
SO140344,7506746,oscarr
SO140340,7506747,oscarr
SO140352,7506745,oscarr
SO140342,7506743,oscarr
SO140258,7506744,rodrigoa
SO140275,7506737,rodrigoa
SO140325,7506738,Miguel
SO140247,7506739,rodrigoa
SO140277,7506740,rodrigoa
SO140346,7506741,oscarr
SO140266,7506742,rodrigoa
SO140333,7506724,oscarr
SO140232,7506725,rodrigoa
SO140271,7506726,oscarr
SO140302,7506727,oscarr
SO140278,7506729,oscarr
SO140348,7506733,oscarr
SO140310,7506734,oscarr
SO140292,7506735,oscarr
SO140210,7506736,rodrigoa
SO140296,7506708,oscarr
SO140297,7506709,oscarr
SO140222,7506710,rodrigoa
SO140224,7506711,rodrigoa
SO140223,7506713,rodrigoa
SO140188,7506715,rodrigoa
SO140264,7506716,oscarr
SO140265,7506717,oscarr
SO140228,7506718,rodrigoa
SO140231,7506720,rodrigoa
SO140190,7506721,rodrigoa
SO140248,7506507,oscarr
SO140249,7506508,oscarr
SO140253,7506509,oscarr
SO140130,7506510,rodrigoa
SO140180,7506511,rodrigoa
SO140129,7506512,rodrigoa
SO140324,7506513,rodrigoa
SO140162,7506514,rodrigoa
SO140259,7506515,rodrigoa
SO140154,7506516,rodrigoa
SO140262,7506517,oscarr
SO140240,7506518,oscarr
SO140229,7506519,oscarr
SO140306,7505817,rodrigoa
SO140338,7505815,rodrigoa
SO140328,7505816,rodrigoa
SO136030,7506003,Miguel
SO140288,7505616,rodrigoa
SO140289,7505617,rodrigoa
SO140221,7505803,oscarr
SO140327,7505806,oscarr
SO140219,7505807,oscarr
SO140312,7505808,oscarr
SO140220,7505809,oscarr
SO140313,7505810,oscarr
SO140294,7505811,rodrigoa
SO140322,7505812,Miguel
SO140276,7505608,rodrigoa
SO140273,7505611,rodrigoa
SO140272,7505613,rodrigoa
SO140274,7505614,rodrigoa
SO140261,7504819,rodrigoa
SO140233,7504820,rodrigoa
SO140239,7505600,rodrigoa
SO140263,7505601,rodrigoa
SO140244,7505603,rodrigoa
SO140245,7505604,rodrigoa
SO140267,7505605,rodrigoa
SO140268,7505606,rodrigoa
SO140227,7504811,rodrigoa
SO140226,7504812,rodrigoa
SO140315,7504813,rodrigoa
SO140192,7504814,rodrigoa
SO140316,7504815,rodrigoa
SO140182,7504816,rodrigoa
SO140201,7504817,rodrigoa
SO140191,7504818,rodrigoa
SO140168,7504796,rodrigoa
SO140167,7504797,rodrigoa
SO140286,7504806,rodrigoa
SO140119,7499336,Miguel
SO140123,7499337,Miguel
SO140178,7499325,Miguel
SO140127,7499326,Miguel
SO140203,7499327,Miguel
SO140126,7499328,Miguel
SO140156,7499329,rodrigoa
SO140177,7499330,Miguel
SO140128,7499331,Miguel
SO140204,7499332,Miguel
SO140006,7499333,rodrigoa
SO140132,7499334,Miguel
SO140133,7499335,Miguel
SO140118,7499323,oscarr
SO140146,7499324,Miguel
SO140117,7499322,oscarr
SO140072,7499118,oscarr
SO140091,7499119,oscarr
SO140093,7499120,oscarr
SO140110,7499121,rodrigoa
SO140076,7499122,oscarr
SO140115,7499123,oscarr
SO140079,7499124,oscarr
SO140114,7499125,rodrigoa
SO140134,7499126,rodrigoa
SO140080,7499127,oscarr
SO140049,7499128,oscarr
SO140104,7499129,oscarr
SO140052,7499130,oscarr
SO140070,7499131,oscarr
SO140106,7499132,rodrigoa
SO140125,7499114,rodrigoa
SO140155,7499115,rodrigoa
SO140092,7499010,rodrigoa
SO140004,7499011,oscarr
SO140041,7499012,oscarr
SO140026,7499013,oscarr
SO140042,7499014,oscarr
SO140044,7499015,oscarr
SO140013,7499016,oscarr
SO140033,7499017,oscarr
SO140014,7499018,oscarr
SO140046,7499019,oscarr
SO140082,7499020,rodrigoa
SO140015,7499021,oscarr
SO140057,7499022,rodrigoa
SO140068,7499023,rodrigoa
SO140059,7499024,rodrigoa
SO139989,7498804,oscarr
SO140217,7498805,oscarr
SO139992,7498806,oscarr
SO139993,7498807,oscarr
SO139995,7498808,oscarr
SO139976,7498809,oscarr
SO140045,7498810,rodrigoa
SO140230,7498811,rodrigoa
SO140048,7498812,rodrigoa
SO139955,7498813,oscarr
SO139999,7498814,oscarr
SO139961,7498815,oscarr
SO139983,7498817,oscarr
SO140037,7498818,rodrigoa
SO139990,7498202,rodrigoa
SO139967,7498203,rodrigoa
SO140036,7498204,rodrigoa
SO140135,7498205,Miguel
SO140011,7498206,rodrigoa
SO140030,7498207,rodrigoa
SO140141,7498200,Miguel
SO140066,7497814,oscarr
SO140142,7497816,oscarr
SO140069,7497817,oscarr
SO139942,7497800,oscarr
SO140157,7497803,oscarr
SO139944,7497806,oscarr
SO140184,7497807,oscarr
SO139954,7497811,oscarr
SO140173,7497796,oscarr
SO140174,7497797,rodrigoa
SO139952,7497798,rodrigoa
SO140169,7497787,oscarr
SO140198,7497788,oscarr
SO140164,7497789,oscarr
SO140176,7497790,rodrigoa
SO140209,7497791,oscarr
SO140187,7497792,oscarr
SO140207,7497793,rodrigoa
SO140172,7497794,oscarr
SO140175,7497795,oscarr
SO140194,7497381,rodrigoa
SO140189,7497382,rodrigoa
SO140166,7497383,rodrigoa
SO140202,7497385,rodrigoa
SO140170,7497386,rodrigoa
SO140090,7496702,rodrigoa
SO140149,7496703,rodrigoa
SO140111,7496705,rodrigoa
SO140112,7496706,rodrigoa
SO140163,7496709,rodrigoa
SO140165,7496712,rodrigoa
SO140136,7496713,Miguel
SO140084,7496714,rodrigoa
SO140074,7496196,rodrigoa
SO140078,7496681,rodrigoa
SO140086,7496687,rodrigoa
SO140064,7496188,rodrigoa
SO140073,7496189,rodrigoa
SO140067,7496190,rodrigoa
SO140050,7496192,rodrigoa
SO140063,7496194,rodrigoa
SO139970,7496174,rodrigoa
SO140009,7496176,rodrigoa
SO140028,7496177,rodrigoa
SO139994,7496181,rodrigoa
SO140031,7496182,rodrigoa
SO140032,7496183,rodrigoa
SO140099,7495690,oscarr
SO140161,7495691,oscarr
SO140101,7495693,oscarr
SO139982,7495695,rodrigoa
SO140109,7495697,oscarr
SO140124,7495698,oscarr
SO140108,7495681,oscarr
SO139968,7495682,rodrigoa
SO139964,7495683,rodrigoa
SO139977,7495689,rodrigoa
SO140151,7494773,rodrigoa
SO139945,7494774,rodrigoa
SO139951,7495667,rodrigoa
SO140095,7495669,rodrigoa
SO140097,7495672,oscarr
SO140098,7495673,oscarr
SO140113,7495674,rodrigoa
SO139958,7495675,rodrigoa
SO139966,7495676,rodrigoa
SO140071,7494768,oscarr
SO140065,7494769,oscarr
SO140083,7494770,oscarr
SO140056,7494771,oscarr
SO140088,7494772,oscarr
SO140053,7494483,oscarr
SO139998,7494484,oscarr
SO140025,7494485,oscarr
SO140034,7494764,oscarr
SO140000,7494765,oscarr
SO139974,7494766,oscarr
SO140039,7494767,oscarr
SO139965,7494476,oscarr
SO139950,7494479,oscarr
SO139975,7494480,oscarr
SO139934,7482117,rodrigoa
SO139937,7482115,rodrigoa
SO139956,7482116,rodrigoa
SO139928,7481417,rodrigoa
SO139938,7482114,rodrigoa
SO139926,7481413,rodrigoa
SO139918,7481414,Miguel
SO139929,7481415,rodrigoa
SO139920,7481416,rodrigoa
SO139916,7481408,rodrigoa
SO139919,7481409,rodrigoa
SO137750,7481410,rodrigoa
SO136492,7481411,rodrigoa
SO139917,7481412,rodrigoa
SO139886,7481401,rodrigoa
SO139899,7481402,rodrigoa
SO139889,7481403,rodrigoa
SO139901,7481404,rodrigoa
SO139911,7481405,rodrigoa
SO139887,7481406,rodrigoa
SO139902,7481407,rodrigoa
SO139912,7480612,rodrigoa
SO139206,7480613,Miguel
SO139888,7480614,rodrigoa
SO139896,7480606,rodrigoa
SO139893,7480607,rodrigoa
SO139907,7480608,rodrigoa
SO138607,7480609,rodrigoa
SO139315,7480610,rodrigoa
SO139900,7480611,rodrigoa
SO139826,7480604,oscarr
SO139904,7480491,oscarr
SO139684,7480388,rodrigoa
SO139854,7480387,rodrigoa
SO139829,7479490,Miguel
SO139871,7479001,rodrigoa
SO139869,7479002,rodrigoa
SO139876,7479003,oscarr
SO139859,7479004,rodrigoa
SO139860,7479005,rodrigoa
SO139874,7479006,oscarr
SO139862,7479007,rodrigoa
SO139877,7479008,rodrigoa
SO139883,7479009,oscarr
SO139881,7479012,rodrigoa
SO139867,7479013,oscarr
SO139845,7479014,rodrigoa
SO139846,7479000,oscarr
SO139868,7478601,oscarr
SO139818,7478602,rodrigoa
SO139833,7478986,rodrigoa
SO139851,7478988,oscarr
SO139850,7478990,oscarr
SO139852,7478991,oscarr
SO139873,7478992,oscarr
SO139825,7478993,rodrigoa
SO139864,7478994,oscarr
SO139842,7478996,rodrigoa
SO139849,7478997,oscarr
SO139838,7478589,oscarr
SO139837,7478591,oscarr
SO139841,7478593,oscarr
SO139878,7478594,oscarr
SO139813,7478595,rodrigoa
SO139844,7478596,oscarr
SO139815,7478598,rodrigoa
SO139791,7478574,rodrigoa
SO139795,7478576,rodrigoa
SO139792,7478577,rodrigoa
SO139803,7478584,rodrigoa
SO139835,7478587,oscarr
SO139705,7478775,rodrigoa
SO139805,7478171,oscarr
SO139807,7478172,rodrigoa
SO139812,7478567,oscarr
SO139809,7478568,oscarr
SO139806,7478569,rodrigoa
SO139802,7478570,oscarr
SO139786,7478571,oscarr
SO139875,7478572,rodrigoa
SO139819,7478165,oscarr
SO139843,7478166,oscarr
SO139836,7478167,oscarr
SO139853,7478168,oscarr
SO139822,7478169,oscarr
SO139817,7478170,oscarr
SO139801,7477658,oscarr
SO139816,7478157,oscarr
SO139793,7478160,oscarr
SO139784,7478161,oscarr
SO139800,7478163,oscarr
SO138945,7477650,Miguel
SO139804,7474489,Miguel
SO139781,7473803,oscarr
SO139772,7473789,rodrigoa
SO139770,7473791,oscarr
SO139778,7473793,oscarr
SO139774,7473795,oscarr
SO139776,7473796,oscarr
SO139777,7473797,oscarr
SO139779,7473798,rodrigoa
SO139785,7473801,rodrigoa
SO139787,7473802,rodrigoa
SO139756,7473283,oscarr
SO139766,7473288,oscarr
SO139710,7472795,rodrigoa
SO139767,7472796,oscarr
SO139754,7472797,oscarr
SO139765,7472798,oscarr
SO139755,7472799,oscarr
SO139761,7472800,oscarr
SO139740,7472794,rodrigoa
SO139753,7472780,oscarr
SO139752,7472781,oscarr
SO139751,7472783,rodrigoa
SO139748,7472479,oscarr
SO139749,7472480,rodrigoa
SO139737,7472481,rodrigoa
SO139744,7472482,oscarr
SO139720,7472169,rodrigoa
SO139385,7472168,rodrigoa
SO139694,7471380,rodrigoa
SO139712,7471365,oscarr
SO139727,7471366,rodrigoa
SO139687,7471370,oscarr
SO139704,7471372,oscarr
SO139648,7471373,oscarr
SO139736,7471374,rodrigoa
SO139682,7471377,oscarr
SO139725,7471362,rodrigoa
SO139719,7471363,rodrigoa
SO139636,7471364,oscarr
SO139703,7470985,rodrigoa
SO139666,7470986,oscarr
SO139714,7470987,oscarr
SO139671,7470988,oscarr
SO139707,7470989,rodrigoa
SO139717,7470990,oscarr
SO139709,7470991,rodrigoa
SO139695,7470992,rodrigoa
SO139698,7470993,rodrigoa
SO139722,7470994,oscarr
SO139697,7470995,rodrigoa
SO139699,7470996,rodrigoa
SO139726,7470997,Miguel
SO139661,7470998,oscarr
SO139728,7470975,oscarr
SO139690,7470976,rodrigoa
SO139692,7470977,rodrigoa
SO139691,7470965,oscarr
SO139689,7470967,oscarr
SO139644,7470957,oscarr
SO139669,7470959,oscarr
SO139645,7470960,oscarr
SO139649,7470964,oscarr
SO139674,7470556,oscarr
SO139673,7470557,oscarr
SO139716,7470558,oscarr
SO139670,7470559,oscarr
SO139678,7470560,oscarr
SO139679,7470266,oscarr
SO139665,7467484,rodrigoa
SO139658,7467084,rodrigoa
SO139646,7467085,rodrigoa
SO139660,7466079,Miguel
SO139386,7466676,rodrigoa
SO139399,7466675,rodrigoa
SO139262,7466674,rodrigoa
SO139643,7465493,rodrigoa
SO139629,7466075,rodrigoa
SO139635,7466076,rodrigoa
SO139634,7465973,oscarr
SO139631,7465484,oscarr
SO139641,7465485,rodrigoa
SO139625,7465486,oscarr
SO139614,7465487,oscarr
SO139615,7465488,rodrigoa
SO139618,7465489,rodrigoa
SO139619,7465490,rodrigoa
SO139627,7465491,oscarr
SO139621,7465492,oscarr
SO139611,7465476,rodrigoa
SO139609,7465478,rodrigoa
SO139612,7465480,rodrigoa
SO139599,7465483,rodrigoa
SO139564,7465074,oscarr
SO139588,7465075,oscarr
SO139572,7465078,oscarr
SO139595,7465081,oscarr
SO139597,7464481,Miguel
SO139555,7464482,rodrigoa
SO139510,7464483,oscarr
SO139523,7464484,oscarr
SO139556,7464485,rodrigoa
SO139451,7464479,rodrigoa
SO139504,7464480,oscarr
SO139559,7464477,rodrigoa
SO139427,7464478,oscarr
SO139600,7463803,oscarr
SO139606,7463804,oscarr
SO139549,7463805,rodrigoa
SO139425,7464471,oscarr
SO139547,7464472,rodrigoa
SO139610,7464473,oscarr
SO139620,7464474,oscarr
SO139532,7464475,rodrigoa
SO139544,7464476,rodrigoa
SO139516,7463799,rodrigoa
SO139601,7463800,oscarr
SO139590,7463801,oscarr
SO139522,7463802,rodrigoa
SO139573,7463793,oscarr
SO139545,7463795,oscarr
SO139561,7463787,oscarr
SO139500,7463789,rodrigoa
SO139505,7463790,rodrigoa
SO139551,7463791,oscarr
SO139502,7463792,rodrigoa
SO139496,7463384,rodrigoa
SO139527,7463371,oscarr
SO139464,7463372,rodrigoa
SO139537,7463373,oscarr
SO139490,7463374,rodrigoa
SO139538,7463376,oscarr
SO139486,7463377,rodrigoa
SO139531,7463378,oscarr
SO139477,7463381,rodrigoa
SO139540,7463382,oscarr
SO139494,7463210,oscarr
SO139506,7463211,oscarr
SO139602,7463212,oscarr
SO139458,7463369,rodrigoa
SO139514,7463370,oscarr
SO139443,7463207,rodrigoa
SO139603,7463208,oscarr
SO139445,7463209,rodrigoa
SO139578,7463202,oscarr
SO139428,7463203,rodrigoa
SO139592,7463183,oscarr
SO139568,7463185,oscarr
SO139438,7463186,rodrigoa
SO139570,7463191,oscarr
SO139574,7463193,oscarr
SO139263,7463194,rodrigoa
SO139562,7463169,oscarr
SO139433,7463174,rodrigoa
SO139435,7463176,rodrigoa
SO139587,7463178,oscarr
SO139436,7463180,rodrigoa
SO139371,7463367,rodrigoa
SO139517,7462271,rodrigoa
SO139518,7462272,rodrigoa
SO139534,7463164,rodrigoa
SO139591,7463165,rodrigoa
SO139553,7462262,oscarr
SO139525,7462263,oscarr
SO139530,7462264,oscarr
SO139519,7462265,oscarr
SO139542,7462266,oscarr
SO139541,7462267,oscarr
SO139535,7462268,oscarr
SO139543,7462269,oscarr
SO139557,7462270,oscarr
SO139584,7461876,oscarr
SO139485,7461877,oscarr
SO139548,7462258,oscarr
SO139533,7462259,oscarr
SO139487,7462260,oscarr
SO139295,7458511,rodrigoa
SO139311,7458512,Miguel
SO139359,7458311,Miguel
SO139375,7458312,Miguel
SO139275,7458313,rodrigoa
SO139287,7458314,rodrigoa
SO139292,7458315,rodrigoa
SO139312,7458316,Miguel
SO139462,7458309,Miguel
SO139447,7457815,Miguel
SO139388,7457816,Miguel
SO139403,7457805,rodrigoa
SO139488,7457806,Miguel
SO139511,7457807,Miguel
SO139401,7457808,rodrigoa
SO139402,7457809,rodrigoa
SO139411,7457810,rodrigoa
SO139497,7457812,Miguel
SO139452,7457813,Miguel
SO139392,7457310,rodrigoa
SO139391,7457802,rodrigoa
SO139381,7457803,rodrigoa
SO139377,7457804,rodrigoa
SO139382,7457307,rodrigoa
SO139383,7457308,rodrigoa
SO139367,7457309,rodrigoa
SO139364,7457306,rodrigoa
SO139310,7457302,rodrigoa
SO139347,7457303,rodrigoa
SO139324,7457304,rodrigoa
SO139354,7457305,rodrigoa
SO139483,7456308,oscarr
SO139484,7456498,oscarr
SO139480,7456499,oscarr
SO139476,7456496,oscarr
SO139479,7456497,oscarr
SO139457,7456296,oscarr
SO139478,7456297,oscarr
SO139400,7456298,oscarr
SO139455,7456299,oscarr
SO139453,7456300,oscarr
SO139454,7456301,oscarr
SO139467,7456302,oscarr
SO139459,7456303,oscarr
SO139440,7456304,oscarr
SO139472,7456305,Miguel
SO139291,7456306,rodrigoa
SO139431,7456307,oscarr
SO139430,7455438,oscarr
SO139407,7455439,oscarr
SO139294,7455428,rodrigoa
SO139398,7455429,oscarr
SO139409,7455430,oscarr
SO139419,7455431,oscarr
SO139397,7455432,oscarr
SO139421,7455433,oscarr
SO139284,7455434,rodrigoa
SO139276,7455435,rodrigoa
SO139414,7455436,oscarr
SO139277,7455437,rodrigoa
SO139363,7455415,oscarr
SO139343,7455416,oscarr
SO139387,7455417,oscarr
SO139268,7455418,rodrigoa
SO139325,7455419,oscarr
SO139390,7455420,oscarr
SO139326,7455421,oscarr
SO139239,7455422,rodrigoa
SO139374,7455423,oscarr
SO139334,7455424,oscarr
SO139335,7455425,oscarr
SO139358,7455426,oscarr
SO139376,7455427,oscarr
SO139225,7455412,rodrigoa
SO139302,7455413,oscarr
SO139296,7455403,oscarr
SO139285,7455391,oscarr
SO139224,7455396,rodrigoa
SO139203,7454983,oscarr
SO139163,7454984,oscarr
SO139175,7454985,oscarr
SO139199,7454986,rodrigoa
SO139261,7454987,oscarr
SO139222,7454988,rodrigoa
SO139174,7454989,oscarr
SO139270,7454991,oscarr
SO139279,7454992,oscarr
SO139204,7454695,rodrigoa
SO139049,7454397,oscarr
SO139052,7454684,oscarr
SO139299,7454685,oscarr
SO139178,7454686,rodrigoa
SO139103,7454687,oscarr
SO139118,7454688,oscarr
SO139161,7454690,rodrigoa
SO138974,7454691,oscarr
SO139064,7454692,oscarr
SO139404,7454693,oscarr
SO139202,7454694,rodrigoa
SO139157,7454581,rodrigoa
SO139159,7454582,rodrigoa
SO139432,7454583,oscarr
SO139434,7454584,oscarr
SO139405,7454585,oscarr
SO139153,7454586,rodrigoa
SO139019,7454587,oscarr
SO139422,7454588,oscarr
SO139396,7454589,oscarr
SO139437,7454590,oscarr
SO139418,7454591,oscarr
SO139108,7454394,rodrigoa
SO139149,7454379,rodrigoa
SO139366,7454383,oscarr
SO139116,7454384,rodrigoa
SO139136,7454386,rodrigoa
SO139372,7454387,oscarr
SO139143,7454389,rodrigoa
SO139127,7454392,rodrigoa
SO138884,7454376,rodrigoa
SO138811,7454375,rodrigoa
SO139101,7454090,rodrigoa
SO139085,7454092,rodrigoa
SO139309,7454093,oscarr
SO139353,7454094,oscarr
SO139089,7454096,rodrigoa
SO139415,7454075,rodrigoa
SO139361,7454076,oscarr
SO138764,7454077,Miguel
SO139370,7454080,rodrigoa
SO139441,7454083,oscarr
SO139327,7454085,oscarr
SO139307,7454087,oscarr
SO139442,7454088,oscarr
SO139282,7453379,oscarr
SO139235,7453384,oscarr
SO139179,7452883,oscarr
SO139177,7452884,oscarr
SO139220,7453373,oscarr
SO139176,7453374,oscarr
SO139172,7453375,oscarr
SO139198,7453376,oscarr
SO139182,7453377,oscarr
SO139200,7453378,oscarr
SO139152,7453073,oscarr
SO139191,7449326,Miguel
SO139033,7449327,Miguel
SO139145,7449328,Miguel
SO138942,7449826,Miguel
SO139365,7449827,Miguel
SO139056,7448676,Miguel
SO138977,7448677,Miguel
SO139042,7448678,rodrigoa
SO139044,7449320,Miguel
SO138995,7449321,Miguel
SO138909,7449322,Miguel
SO138989,7449323,Miguel
SO139032,7449324,rodrigoa
SO139083,7449325,rodrigoa
SO138963,7448663,Miguel
SO138964,7448664,Miguel
SO139026,7448665,rodrigoa
SO139029,7448666,rodrigoa
SO139112,7448667,Miguel
SO139031,7448668,rodrigoa
SO139034,7448669,Miguel
SO139357,7448670,rodrigoa
SO139356,7448671,rodrigoa
SO138972,7448672,Miguel
SO139045,7448673,Miguel
SO138978,7448674,Miguel
SO139046,7448675,Miguel
SO139140,7448639,Miguel
SO139245,7448640,Miguel
SO139247,7448641,Miguel
SO138996,7448642,Miguel
SO139244,7448643,Miguel
SO139141,7448644,Miguel
SO139087,7448645,Miguel
SO139146,7448646,Miguel
SO139250,7448647,Miguel
SO139002,7448648,Miguel
SO139320,7448649,Miguel
SO139147,7448650,Miguel
SO138933,7448651,Miguel
SO139003,7448652,Miguel
SO139094,7448653,Miguel
SO139095,7448654,Miguel
SO139255,7448655,Miguel
SO139005,7448656,Miguel
SO139155,7448657,Miguel
SO139098,7448658,Miguel
SO139260,7448659,Miguel
SO139164,7448660,Miguel
SO139109,7448661,Miguel
SO139166,7448662,Miguel
SO139054,7448619,Miguel
SO139216,7448620,Miguel
SO139218,7448621,Miguel
SO139057,7448622,Miguel
SO139219,7448623,Miguel
SO139058,7448624,Miguel
SO139060,7448625,Miguel
SO138985,7448626,Miguel
SO139067,7448627,Miguel
SO139073,7448628,Miguel
SO139069,7448629,Miguel
SO139077,7448630,Miguel
SO138987,7448631,Miguel
SO139075,7448632,Miguel
SO139078,7448633,Miguel
SO139134,7448634,Miguel
SO139135,7448635,Miguel
SO139132,7448636,Miguel
SO139133,7448637,Miguel
SO139139,7448638,Miguel
SO139228,7448042,oscarr
SO139142,7448615,oscarr
SO139246,7448616,oscarr
SO139168,7448617,oscarr
SO139167,7448618,oscarr
SO139014,7448037,rodrigoa
SO139020,7448038,rodrigoa
SO139009,7448039,rodrigoa
SO138991,7448040,rodrigoa
SO139024,7448041,rodrigoa
SO139126,7448024,oscarr
SO138961,7448025,rodrigoa
SO139081,7448032,oscarr
SO139088,7448036,oscarr
SO139314,7448011,rodrigoa
SO139120,7448014,Miguel
SO139096,7448015,oscarr
SO139097,7448016,oscarr
SO139100,7448017,oscarr
SO139122,7448018,oscarr
SO138954,7448021,rodrigoa
SO139066,7448022,oscarr
SO139028,7447218,oscarr
SO139053,7447219,oscarr
SO139230,7447220,Miguel
SO139063,7447223,oscarr
SO139329,7447224,oscarr
SO139040,7447225,oscarr
SO139047,7447228,oscarr
SO139286,7447205,rodrigoa
SO139293,7447206,Miguel
SO139022,7447207,oscarr
SO139194,7447208,rodrigoa
SO139214,7447209,Miguel
SO139021,7447210,oscarr
SO139018,7447211,oscarr
SO139197,7447212,rodrigoa
SO139025,7447213,oscarr
SO139319,7446545,rodrigoa
SO139321,7446546,rodrigoa
SO139289,7446547,rodrigoa
SO139193,7446548,oscarr
SO139196,7446544,oscarr
SO139004,7446534,oscarr
SO139184,7446535,rodrigoa
SO138997,7446536,oscarr
SO139189,7446537,rodrigoa
SO139188,7446538,rodrigoa
SO139190,7446539,rodrigoa
SO139288,7446540,rodrigoa
SO139001,7446541,oscarr
SO139305,7446542,oscarr
SO138999,7446543,oscarr
SO138983,7446533,oscarr
SO138981,7446530,oscarr
SO138957,7446531,oscarr
SO139192,7446532,oscarr
SO138914,7446515,oscarr
SO139226,7446516,rodrigoa
SO138918,7446518,oscarr
SO139304,7446523,oscarr
SO138932,7446525,oscarr
SO138944,7446526,oscarr
SO139252,7446527,rodrigoa
SO138939,7445720,oscarr
SO138889,7446502,oscarr
SO138949,7446503,Miguel
SO139231,7446506,oscarr
SO139195,7446507,oscarr
SO138948,7446509,oscarr
SO138943,7445718,oscarr
SO139076,7445704,rodrigoa
SO139055,7445705,rodrigoa
SO139099,7445710,rodrigoa
SO138975,7445135,rodrigoa
SO138902,7445695,rodrigoa
SO138935,7445696,Miguel
SO139007,7445697,rodrigoa
SO138986,7445698,rodrigoa
SO138878,7445699,rodrigoa
SO138958,7445700,rodrigoa
SO138919,7445701,rodrigoa
SO138926,7445129,rodrigoa
SO138930,7445131,rodrigoa
SO138938,7445106,rodrigoa
SO138951,7445116,rodrigoa
SO138908,7445118,rodrigoa
SO138890,7445093,rodrigoa
SO139232,7445094,rodrigoa
SO138871,7445095,rodrigoa
SO139210,7445096,Miguel
SO139208,7445097,Miguel
SO139233,7445098,rodrigoa
SO138873,7445099,rodrigoa
SO139212,7445100,Miguel
SO138892,7445101,rodrigoa
SO138880,7445102,rodrigoa
SO138872,7445103,rodrigoa
SO139093,7444591,rodrigoa
SO138931,7444592,rodrigoa
SO138886,7429128,Miguel
SO138713,7428429,rodrigoa
SO138881,7428430,rodrigoa
SO138861,7428431,rodrigoa
SO138885,7428432,Miguel
SO138865,7428433,Miguel
SO138837,7428434,rodrigoa
SO138899,7428435,Miguel
SO138823,7428436,rodrigoa
SO138822,7428437,rodrigoa
SO138843,7428438,rodrigoa
SO138870,7428439,rodrigoa
SO138755,7427950,rodrigoa
SO138753,7428428,rodrigoa
SO138900,7427946,Miguel
SO138897,7427947,rodrigoa
SO138830,7427948,rodrigoa
SO138911,7427949,Miguel
SO138740,7427945,rodrigoa
SO138896,7427943,rodrigoa
SO138883,7427944,rodrigoa
SO138785,7427926,Miguel
SO138836,7427927,rodrigoa
SO138855,7427930,rodrigoa
SO138875,7427931,rodrigoa
SO138858,7427933,rodrigoa
SO138832,7427934,rodrigoa
SO138845,7427935,Miguel
SO138782,7427938,rodrigoa
SO138874,7427942,rodrigoa
SO138738,7427922,rodrigoa
SO138806,7427923,rodrigoa
SO138751,7427924,rodrigoa
SO138761,7427925,rodrigoa
SO138788,7426930,rodrigoa
SO138750,7426934,rodrigoa
SO138803,7426920,rodrigoa
SO138743,7426921,rodrigoa
SO138704,7426922,rodrigoa
SO138825,7426923,rodrigoa
SO138711,7426924,rodrigoa
SO138798,7426925,rodrigoa
SO138816,7426926,rodrigoa
SO138709,7426927,rodrigoa
SO138771,7426928,rodrigoa
SO138820,7426530,rodrigoa
SO138733,7426531,rodrigoa
SO138819,7426532,rodrigoa
SO138735,7426533,rodrigoa
SO138801,7426521,rodrigoa
SO138828,7426524,rodrigoa
SO138814,7426525,rodrigoa
SO138721,7426527,rodrigoa
SO138742,7425924,Miguel
SO138840,7425919,rodrigoa
SO138856,7425920,rodrigoa
SO138839,7425921,rodrigoa
SO138847,7425922,rodrigoa
SO138844,7425923,rodrigoa
SO136497,7426111,rodrigoa
SO138821,7425916,rodrigoa
SO138835,7425917,rodrigoa
SO138834,7425918,rodrigoa
SO138799,7425316,rodrigoa
SO138807,7425318,rodrigoa
SO138797,7425320,rodrigoa
SO138842,7425323,rodrigoa
SO138851,7425324,rodrigoa
SO138523,7425310,Miguel
SO138817,7425313,rodrigoa
SO138818,7425314,rodrigoa
SO138815,7425315,rodrigoa
SO138790,7424506,Miguel
SO138779,7420982,rodrigoa
SO138530,7420980,Miguel
SO138776,7420967,Miguel
SO138772,7420968,Miguel
SO138766,7420971,rodrigoa
SO138774,7420973,Miguel
SO138775,7420974,Miguel
SO138778,7420977,rodrigoa
SO138757,7420679,rodrigoa
SO138731,7420680,oscarr
SO138756,7420681,rodrigoa
SO138683,7420683,oscarr
SO138710,7420684,oscarr
SO138758,7420685,rodrigoa
SO138699,7420672,oscarr
SO138700,7419872,oscarr
SO138694,7419863,oscarr
SO138697,7419864,oscarr
SO138741,7419866,rodrigoa
SO138695,7419868,oscarr
SO138747,7419869,rodrigoa
SO138760,7419870,rodrigoa
SO138745,7419861,rodrigoa
SO138706,7419862,Miguel
SO138707,7418975,Miguel
SO138729,7418976,rodrigoa
SO138720,7418969,rodrigoa
SO138716,7418970,rodrigoa
SO138730,7418971,rodrigoa
SO138736,7418972,rodrigoa
SO138722,7418973,rodrigoa
SO138717,7418974,rodrigoa
SO138688,7418674,rodrigoa
SO138672,7418960,rodrigoa
SO138678,7418964,rodrigoa
SO138686,7418966,rodrigoa
SO138689,7418967,rodrigoa
SO138693,7418968,rodrigoa
SO138667,7418671,rodrigoa
SO138663,7418672,rodrigoa
SO138671,7418660,rodrigoa
SO138659,7418274,rodrigoa
SO138661,7418275,rodrigoa
SO138660,7418656,rodrigoa
SO138662,7418657,rodrigoa
SO138635,7418270,rodrigoa
SO138627,7418261,rodrigoa
SO138200,7418262,rodrigoa
SO138626,7418263,rodrigoa
SO138629,7418265,rodrigoa
SO138655,7418266,rodrigoa
SO138632,7418267,rodrigoa
SO138652,7418268,rodrigoa
SO138650,7417677,oscarr
SO138649,7418247,oscarr
SO138586,7418248,rodrigoa
SO138564,7418249,rodrigoa
SO138698,7418250,rodrigoa
SO138581,7418251,rodrigoa
SO138668,7418252,oscarr
SO138696,7418253,rodrigoa
SO138588,7418254,rodrigoa
SO138676,7418255,oscarr
SO138594,7418256,rodrigoa
SO138573,7418257,rodrigoa
SO138643,7418258,oscarr
SO138644,7418259,oscarr
SO138601,7418260,rodrigoa
SO138596,7417668,oscarr
SO138521,7417670,rodrigoa
SO138599,7417671,oscarr
SO138603,7417673,oscarr
SO138623,7417674,oscarr
SO138625,7417655,oscarr
SO138514,7417658,rodrigoa
SO138616,7417659,Miguel
SO138654,7417665,oscarr
SO138619,7417667,oscarr
SO138670,7417642,oscarr
SO138608,7417644,rodrigoa
SO138507,7417653,rodrigoa
SO138622,7417237,oscarr
SO138651,7417238,oscarr
SO138592,7417239,oscarr
SO138646,7417240,oscarr
SO138664,7417241,oscarr
SO138593,7417242,oscarr
SO138580,7417037,oscarr
SO138610,7417038,oscarr
SO138583,7417039,oscarr
SO138501,7413494,rodrigoa
SO138490,7414090,rodrigoa
SO138491,7414091,rodrigoa
SO138497,7414092,Miguel
SO138618,7414093,rodrigoa
SO138499,7414094,Miguel
SO138548,7414095,rodrigoa
SO138495,7414096,Miguel
SO138617,7413488,Miguel
SO138494,7413489,rodrigoa
SO138555,7413490,Miguel
SO138506,7413491,Miguel
SO138509,7413492,Miguel
SO138505,7413493,Miguel
SO138467,7413184,rodrigoa
SO138488,7413185,rodrigoa
SO138487,7413186,rodrigoa
SO138449,7412516,rodrigoa
SO138444,7412883,rodrigoa
SO138437,7412884,rodrigoa
SO138446,7412885,rodrigoa
SO138480,7412886,rodrigoa
SO138469,7412887,rodrigoa
SO138440,7412888,rodrigoa
SO138453,7412889,rodrigoa
SO138435,7412514,rodrigoa
SO138606,7412515,Miguel
SO138429,7412181,rodrigoa
SO138422,7412182,rodrigoa
SO138423,7412183,Miguel
SO138413,7412513,rodrigoa
SO138395,7412495,rodrigoa
SO138388,7412498,rodrigoa
SO138403,7412503,rodrigoa
SO138080,7412508,Miguel
SO138404,7412509,rodrigoa
SO138418,7412482,rodrigoa
SO138380,7412180,rodrigoa
SO138372,7411312,rodrigoa
SO138569,7411300,oscarr
SO138570,7411301,oscarr
SO138582,7411307,rodrigoa
SO138367,7411308,rodrigoa
SO138368,7411309,rodrigoa
SO138353,7411292,rodrigoa
SO138571,7411298,oscarr
SO138572,7411299,oscarr
SO138574,7411285,rodrigoa
SO138579,7411288,rodrigoa
SO138319,7411279,rodrigoa
SO138577,7411186,rodrigoa
SO138553,7411189,oscarr
SO138531,7411191,oscarr
SO138556,7411192,oscarr
SO138347,7411193,rodrigoa
SO138536,7411179,oscarr
SO138348,7411180,rodrigoa
SO138565,7411181,oscarr
SO138538,7411182,oscarr
SO138566,7411183,oscarr
SO138539,7411184,oscarr
SO138396,7410878,rodrigoa
SO138466,7410312,oscarr
SO138525,7410313,oscarr
SO138479,7410778,oscarr
SO138448,7410779,oscarr
SO138486,7410780,oscarr
SO138314,7410781,rodrigoa
SO138408,7410782,oscarr
SO138339,7410783,rodrigoa
SO138464,7410784,oscarr
SO138424,7410785,oscarr
SO138524,7410786,oscarr
SO138455,7410787,oscarr
SO138560,7410311,oscarr
SO138296,7410307,rodrigoa
SO138299,7410308,rodrigoa
SO138281,7410309,rodrigoa
SO138520,7410310,oscarr
SO138528,7410304,oscarr
SO138516,7410305,oscarr
SO138552,7410306,oscarr
SO138251,7410296,rodrigoa
SO138084,7410297,rodrigoa
SO138436,7410300,oscarr
SO138144,7410302,rodrigoa
SO138433,7410303,oscarr
SO138512,7410277,oscarr
SO138545,7410279,oscarr
SO138475,7410280,oscarr
SO138543,7410281,oscarr
SO138483,7410287,oscarr
SO138544,7409877,oscarr
SO138492,7409880,rodrigoa
SO138554,7409885,oscarr
SO138452,7409886,rodrigoa
SO138551,7409887,oscarr
SO138431,7409889,oscarr
SO138427,7409772,oscarr
SO138510,7409773,rodrigoa
SO138430,7409774,oscarr
SO138522,7409775,rodrigoa
SO138498,7409776,rodrigoa
SO138460,7409178,oscarr
SO138416,7409179,oscarr
SO138443,7409180,oscarr
SO138517,7409181,Miguel
SO138439,7409182,oscarr
SO138425,7409184,oscarr
SO138406,7409170,oscarr
SO138481,7409171,oscarr
SO138477,7409172,oscarr
SO138409,7409173,oscarr
SO138414,7409174,oscarr
SO138415,7409175,oscarr
SO138412,7409176,oscarr
SO138282,7405030,rodrigoa
SO138463,7405031,Miguel
SO138277,7405032,Miguel
SO138458,7405622,rodrigoa
SO138457,7405623,Miguel
SO137815,7405029,Miguel
SO138417,7405026,rodrigoa
SO138411,7405027,rodrigoa
SO138402,7405028,rodrigoa
SO138378,7405025,rodrigoa
SO138085,7404224,rodrigoa
SO138089,7405021,rodrigoa
SO138101,7405022,rodrigoa
SO138374,7405023,rodrigoa
SO138088,7405024,rodrigoa
SO138120,7404222,rodrigoa
SO138100,7404223,rodrigoa
SO138193,7404217,rodrigoa
SO138124,7404218,rodrigoa
SO138126,7404219,rodrigoa
SO138163,7404220,rodrigoa
SO138190,7404221,rodrigoa
SO138194,7403746,rodrigoa
SO138199,7403747,rodrigoa
SO138410,7403736,Miguel
SO138397,7403737,oscarr
SO137865,7403023,oscarr
SO138204,7403024,rodrigoa
SO138209,7403715,rodrigoa
SO138210,7403718,rodrigoa
SO138217,7403020,rodrigoa
SO138216,7403021,rodrigoa
SO138223,7403022,rodrigoa
SO138407,7403016,oscarr
SO138244,7403017,rodrigoa
SO138229,7403018,rodrigoa
SO138227,7403019,rodrigoa
SO138364,7402640,oscarr
SO138256,7402641,rodrigoa
SO138358,7402642,oscarr
SO138260,7403008,rodrigoa
SO138370,7403009,oscarr
SO138382,7403010,oscarr
SO138350,7403011,oscarr
SO138245,7403012,rodrigoa
SO138255,7403013,rodrigoa
SO138247,7403014,rodrigoa
SO138373,7403015,oscarr
SO138338,7402633,oscarr
SO138363,7402636,oscarr
SO138346,7402637,oscarr
SO138366,7402638,oscarr
SO138377,7402624,oscarr
SO138359,7402626,oscarr
SO138360,7402630,oscarr
SO138261,7402609,rodrigoa
SO138335,7402611,oscarr
SO138269,7402435,oscarr
SO138317,7402436,oscarr
SO138318,7402437,oscarr
SO138271,7402438,rodrigoa
SO138289,7402439,oscarr
SO138290,7402440,rodrigoa
SO138258,7402441,oscarr
SO138300,7402442,oscarr
SO138231,7402428,oscarr
SO138262,7402429,rodrigoa
SO138266,7402430,oscarr
SO138243,7402431,oscarr
SO138267,7402432,oscarr
SO138287,7402433,oscarr
SO138270,7402434,oscarr
SO138183,7402417,oscarr
SO138295,7402426,rodrigoa
SO138213,7402403,oscarr
SO138311,7402408,rodrigoa
SO138181,7402412,oscarr
SO138330,7401608,rodrigoa
SO138316,7401609,rodrigoa
SO138025,7401610,oscarr
SO138173,7401611,oscarr
SO138332,7401612,rodrigoa
SO138329,7401613,rodrigoa
SO138175,7401614,oscarr
SO138174,7401616,oscarr
SO138334,7401617,rodrigoa
SO138176,7401618,oscarr
SO138321,7401619,rodrigoa
SO137953,7401620,oscarr
SO138162,7401621,oscarr
SO138293,7401622,oscarr
SO138351,7401602,oscarr
SO138345,7401603,oscarr
SO138352,7401604,oscarr
SO138336,7401605,rodrigoa
SO135854,7401598,sophiachau@water-creation.com
SO138292,7401026,oscarr
SO138337,7401027,oscarr
SO138298,7401028,oscarr
SO138254,7401016,oscarr
SO138342,7401017,Miguel
SO138257,7401021,oscarr
SO138259,7401023,oscarr
SO138274,7401004,oscarr
SO138276,7401007,oscarr
SO138104,7397221,Miguel
SO138125,7397223,Miguel
SO138095,7397227,Miguel
SO136587,7397220,Miguel
SO138232,7397068,oscarr
SO138081,7397069,rodrigoa
SO138071,7397219,rodrigoa
SO137975,7397061,Miguel
SO137888,7397062,Miguel
SO138039,7397063,rodrigoa
SO137935,7397064,Miguel
SO138087,7397065,Miguel
SO138043,7397066,rodrigoa
SO137936,7397067,Miguel
SO138002,7397039,rodrigoa
SO138241,7397040,oscarr
SO137988,7397041,Miguel
SO138156,7397042,Miguel
SO137903,7397043,Miguel
SO138240,7397044,oscarr
SO138060,7397045,Miguel
SO138014,7397046,rodrigoa
SO138068,7397047,rodrigoa
SO138016,7397048,Miguel
SO137911,7397049,Miguel
SO137918,7397050,Miguel
SO138073,7397051,Miguel
SO138077,7397052,Miguel
SO138074,7397053,Miguel
SO138033,7397054,rodrigoa
SO138028,7397055,Miguel
SO137925,7397056,Miguel
SO138032,7397057,rodrigoa
SO137885,7397058,oscarr
SO138034,7397059,Miguel
SO137887,7397060,Miguel
SO137894,7397028,oscarr
SO137977,7397029,Miguel
SO137937,7397030,Miguel
SO138044,7397031,rodrigoa
SO137899,7397032,Miguel
SO137944,7397033,Miguel
SO137901,7397034,Miguel
SO138059,7397035,Miguel
SO138157,7397036,Miguel
SO138098,7397037,Miguel
SO138006,7397038,Miguel
SO138263,7396457,oscarr
SO137877,7397016,oscarr
SO138003,7397017,rodrigoa
SO137880,7397018,oscarr
SO137986,7397019,rodrigoa
SO137883,7397020,oscarr
SO137864,7397021,oscarr
SO137984,7397022,rodrigoa
SO137842,7397023,oscarr
SO137985,7397024,rodrigoa
SO137848,7397025,oscarr
SO137990,7397026,rodrigoa
SO137866,7397027,oscarr
SO137969,7396451,rodrigoa
SO138264,7396452,rodrigoa
SO137973,7396453,rodrigoa
SO137970,7396454,rodrigoa
SO137964,7396455,rodrigoa
SO137942,7396456,rodrigoa
SO137832,7396449,Miguel
SO138091,7396450,oscarr
SO138242,7396428,oscarr
SO137489,7396429,Miguel
SO137915,7396432,rodrigoa
SO137801,7396434,oscarr
SO137802,7396436,oscarr
SO137921,7396438,rodrigoa
SO138249,7396439,oscarr
SO137771,7396440,oscarr
SO137927,7396444,rodrigoa
SO137784,7396414,oscarr
SO137896,7396417,rodrigoa
SO138096,7396421,Miguel
SO138222,7396422,oscarr
SO137840,7396423,oscarr
SO137905,7396425,rodrigoa
SO137907,7396426,rodrigoa
SO137841,7396427,oscarr
SO138052,7396144,oscarr
SO137895,7396140,rodrigoa
SO138139,7396141,Miguel
SO138116,7396142,Miguel
SO138069,7396143,oscarr
SO137920,7396130,oscarr
SO137857,7396132,oscarr
SO138111,7396133,rodrigoa
SO138029,7396134,oscarr
SO137863,7396136,oscarr
SO137778,7396137,oscarr
SO137782,7396138,oscarr
SO137889,7396139,rodrigoa
SO137998,7396114,oscarr
SO137951,7396115,oscarr
SO137730,7396117,Miguel
SO138140,7396118,Miguel
SO137807,7396119,oscarr
SO138019,7396122,oscarr
SO137912,7396123,oscarr
SO138017,7396124,oscarr
SO137876,7396125,rodrigoa
SO137875,7396126,oscarr
SO137874,7396127,rodrigoa
SO138225,7395325,oscarr
SO138114,7395326,rodrigoa
SO138187,7395327,rodrigoa
SO138188,7395328,rodrigoa
SO138170,7395329,oscarr
SO138226,7395330,oscarr
SO138165,7395331,oscarr
SO138198,7395317,oscarr
SO138177,7395319,oscarr
SO138184,7395320,oscarr
SO138185,7395321,oscarr
SO138201,7395322,rodrigoa
SO138158,7395323,oscarr
SO138186,7395324,oscarr
SO138127,7395312,oscarr
SO138142,7395313,oscarr
SO138155,7395314,oscarr
SO138141,7395315,oscarr
SO138112,7395316,oscarr
SO138103,7395311,oscarr
SO137996,7394860,rodrigoa
SO137829,7394861,rodrigoa
SO137828,7394854,rodrigoa
SO138061,7394855,rodrigoa
SO138107,7394858,rodrigoa
SO138065,7394859,oscarr
SO138097,7394841,rodrigoa
SO138075,7394842,oscarr
SO138078,7394843,oscarr
SO138079,7394844,oscarr
SO138054,7394845,oscarr
SO138055,7394848,oscarr
SO138083,7394849,oscarr
SO138062,7394850,oscarr
SO138106,7394851,rodrigoa
SO138063,7394853,oscarr
SO137910,7394822,rodrigoa
SO138015,7394823,oscarr
SO138027,7394825,oscarr
SO137957,7394827,rodrigoa
SO137917,7394828,rodrigoa
SO138110,7394829,oscarr
SO138031,7394830,oscarr
SO138037,7394838,oscarr
SO138046,7394807,oscarr
SO137979,7394809,rodrigoa
SO137983,7394812,rodrigoa
SO138051,7394813,rodrigoa
SO138050,7394814,rodrigoa
SO138011,7394819,oscarr
SO138007,7394821,oscarr
SO137978,7394314,oscarr
SO137861,7394315,rodrigoa
SO137838,7394316,rodrigoa
SO137847,7394317,rodrigoa
SO138012,7394318,oscarr
SO138108,7394319,oscarr
SO137909,7394320,rodrigoa
SO137991,7394321,oscarr
SO137980,7394322,oscarr
SO137900,7394323,rodrigoa
SO138109,7394324,oscarr
SO137994,7394325,oscarr
SO138128,7394307,oscarr
SO137958,7394308,oscarr
SO137844,7394309,rodrigoa
SO137952,7394310,oscarr
SO137835,7394311,rodrigoa
SO137966,7394312,oscarr
SO137830,7394313,rodrigoa
SO137943,7394123,oscarr
SO137820,7394131,rodrigoa
SO138117,7394132,rodrigoa
SO137827,7394133,rodrigoa
SO137908,7394116,oscarr
SO137928,7394117,oscarr
SO137892,7394118,oscarr
SO137913,7394120,oscarr
SO137858,7394103,oscarr
SO137870,7394105,oscarr
SO137881,7394111,oscarr
SO137873,7394112,oscarr
SO137932,7394115,oscarr
SO138113,7393701,Miguel
SO138169,7393702,oscarr
SO137809,7393703,oscarr
SO137799,7393704,oscarr
SO137834,7393705,oscarr
SO137837,7393706,oscarr
SO137825,7393707,oscarr
SO137793,7393708,oscarr
SO137819,7393709,oscarr
SO138066,7393401,oscarr
SO137791,7393403,oscarr
SO137808,7377553,rodrigoa
SO137804,7377757,rodrigoa
SO137816,7377758,rodrigoa
SO137817,7377759,rodrigoa
SO137764,7377161,Miguel
SO137671,7377162,oscarr
SO137776,7377547,rodrigoa
SO137796,7377548,oscarr
SO137662,7377549,oscarr
SO137803,7377550,rodrigoa
SO137810,7377551,rodrigoa
SO137812,7377552,rodrigoa
SO137798,7377146,rodrigoa
SO137774,7377151,rodrigoa
SO137797,7377138,rodrigoa
SO137777,7377142,rodrigoa
SO137747,7376041,rodrigoa
SO137744,7376042,rodrigoa
SO137769,7376043,rodrigoa
SO137703,7376033,rodrigoa
SO137724,7376034,rodrigoa
SO137706,7376035,rodrigoa
SO137707,7376036,rodrigoa
SO137737,7376037,rodrigoa
SO137691,7376038,rodrigoa
SO137709,7376039,rodrigoa
SO137734,7376040,rodrigoa
SO137688,7375169,rodrigoa
SO137760,7375170,oscarr
SO137762,7375162,oscarr
SO137687,7375166,rodrigoa
SO137683,7375167,rodrigoa
SO137685,7375168,rodrigoa
SO137666,7375159,rodrigoa
SO137672,7375148,rodrigoa
SO137655,7374651,rodrigoa
SO137748,7375131,oscarr
SO137749,7375132,oscarr
SO137729,7375133,oscarr
SO137664,7375135,rodrigoa
SO137740,7375136,oscarr
SO137732,7375137,oscarr
SO137663,7375138,rodrigoa
SO137648,7375139,rodrigoa
SO137735,7375140,oscarr
SO137670,7374634,oscarr
SO137736,7374635,oscarr
SO137738,7374636,oscarr
SO137692,7374637,oscarr
SO137717,7374638,oscarr
SO137673,7374639,oscarr
SO137739,7374640,oscarr
SO137659,7374641,oscarr
SO137695,7374642,oscarr
SO137752,7374643,rodrigoa
SO137722,7374644,oscarr
SO137641,7374646,rodrigoa
SO137642,7374647,rodrigoa
SO137645,7374648,rodrigoa
SO137761,7374826,rodrigoa
SO137640,7374624,rodrigoa
SO137741,7374625,rodrigoa
SO137621,7374626,oscarr
SO137633,7374627,oscarr
SO137632,7374628,rodrigoa
SO137596,7374629,oscarr
SO137602,7374630,oscarr
SO137638,7374631,oscarr
SO137625,7374633,rodrigoa
SO137678,7373841,rodrigoa
SO137319,7373824,oscarr
SO137643,7373825,oscarr
SO137550,7373826,oscarr
SO137619,7373827,oscarr
SO137726,7373828,oscarr
SO137200,7373829,Miguel
SO137714,7373831,oscarr
SO137627,7373832,oscarr
SO137718,7373229,oscarr
SO137653,7373230,oscarr
SO137568,7373820,oscarr
SO137669,7373220,oscarr
SO137680,7373221,oscarr
SO137708,7373222,oscarr
SO137651,7373223,oscarr
SO137652,7373224,oscarr
SO137597,7373225,sophiachau@water-creation.com
SO137679,7373226,oscarr
SO137667,7373227,oscarr
SO137713,7373228,oscarr
SO137674,7373219,oscarr
SO137698,7373020,Miguel
SO137697,7373019,Miguel
SO137634,7370543,Miguel
SO136838,7370540,Miguel
SO137092,7370541,Miguel
SO137661,7370542,Miguel
SO136930,7369556,rodrigoa
SO137519,7369557,rodrigoa
SO137075,7369558,rodrigoa
SO137470,7369559,rodrigoa
SO137617,7369548,oscarr
SO137604,7369549,oscarr
SO136832,7369550,rodrigoa
SO136846,7369551,rodrigoa
SO136928,7369552,rodrigoa
SO137620,7369553,rodrigoa
SO137629,7369554,rodrigoa
SO137600,7369555,oscarr
SO137607,7369140,rodrigoa
SO137583,7369141,oscarr
SO137543,7369537,oscarr
SO137609,7369538,rodrigoa
SO137564,7369539,oscarr
SO137610,7369540,rodrigoa
SO137525,7369541,oscarr
SO137589,7369542,oscarr
SO137548,7369543,oscarr
SO137595,7369544,rodrigoa
SO137580,7369545,oscarr
SO137560,7369546,oscarr
SO137536,7369547,oscarr
SO137467,7369139,rodrigoa
SO137592,7369130,rodrigoa
SO137540,7369131,oscarr
SO137510,7369132,oscarr
SO137579,7369133,rodrigoa
SO137539,7369134,oscarr
SO137492,7369135,rodrigoa
SO137603,7369136,oscarr
SO137623,7369137,oscarr
SO137523,7369138,oscarr
SO137594,7368630,rodrigoa
SO137593,7368631,rodrigoa
SO137615,7369129,rodrigoa
SO137162,7368166,rodrigoa
SO137611,7368628,Miguel
SO137577,7368629,rodrigoa
SO137364,7368161,rodrigoa
SO137424,7368165,rodrigoa
SO137089,7368154,rodrigoa
SO137566,7368156,rodrigoa
SO137414,7368143,rodrigoa
SO137461,7368145,rodrigoa
SO137338,7368146,rodrigoa
SO137463,7368147,rodrigoa
SO137480,7368130,rodrigoa
SO137528,7368134,rodrigoa
SO137488,7368135,rodrigoa
SO137410,7368136,rodrigoa
SO137495,7368137,rodrigoa
SO137533,7367530,rodrigoa
SO137491,7367531,rodrigoa
SO137585,7367521,rodrigoa
SO137553,7367522,rodrigoa
SO137561,7367523,rodrigoa
SO137555,7367524,rodrigoa
SO137588,7367525,rodrigoa
SO137578,7367526,rodrigoa
SO137572,7367527,rodrigoa
SO137557,7367528,rodrigoa
SO137546,7367529,rodrigoa
SO137481,7367518,rodrigoa
SO135816,7366944,Miguel
SO137265,7366935,rodrigoa
SO137388,7366937,rodrigoa
SO137234,7366940,rodrigoa
SO137166,7366925,rodrigoa
SO137196,7366930,rodrigoa
SO137336,7366933,rodrigoa
SO137427,7366915,rodrigoa
SO137406,7366916,rodrigoa
SO137498,7366919,rodrigoa
SO137418,7366920,rodrigoa
SO137501,7366921,rodrigoa
SO137507,7366913,rodrigoa
SO137530,7366914,rodrigoa
SO137137,7362499,Miguel
SO137381,7362500,Miguel
SO137384,7362501,Miguel
SO137506,7362492,Miguel
SO137393,7362493,rodrigoa
SO136968,7362494,Miguel
SO137432,7362495,Miguel
SO137515,7362496,Miguel
SO137517,7362497,rodrigoa
SO137516,7362498,Miguel
SO137395,7362491,oscarr
SO137376,7362490,oscarr
SO137484,7362077,Miguel
SO137380,7361304,Miguel
SO137462,7361305,oscarr
SO137254,7361312,Miguel
SO137465,7361315,oscarr
SO137403,7361292,oscarr
SO137322,7361295,Miguel
SO137500,7361298,oscarr
SO137317,7361280,Miguel
SO137298,7361281,Miguel
SO137448,7361283,oscarr
SO137277,7361284,Miguel
SO137303,7361285,Miguel
SO137302,7360678,Miguel
SO137261,7360679,Miguel
SO137158,7361270,Miguel
SO137394,7361271,Miguel
SO137478,7361272,Miguel
SO137301,7361273,Miguel
SO137452,7361274,oscarr
SO137399,7361275,Miguel
SO137348,7361276,Miguel
SO137305,7361277,Miguel
SO137404,7361278,Miguel
SO137428,7360675,oscarr
SO137440,7360669,oscarr
SO137445,7360670,oscarr
SO137446,7360671,oscarr
SO137417,7360003,oscarr
SO137413,7360004,oscarr
SO137412,7360005,oscarr
SO137430,7360006,oscarr
SO137365,7359984,oscarr
SO137385,7359997,oscarr
SO137392,7360000,oscarr
SO137396,7360001,oscarr
SO137436,7359974,Miguel
SO137407,7359979,oscarr
SO137366,7359982,oscarr
SO136713,7359767,rodrigoa
SO137402,7359478,Miguel
SO137379,7359479,Miguel
SO137330,7359480,Miguel
SO137435,7359481,Miguel
SO137321,7359482,Miguel
SO137219,7359766,rodrigoa
SO137351,7358976,oscarr
SO137353,7359466,oscarr
SO137373,7359467,Miguel
SO137263,7359468,Miguel
SO137354,7359469,Miguel
SO137285,7359470,Miguel
SO137433,7359471,Miguel
SO137355,7359472,oscarr
SO137391,7359473,Miguel
SO137363,7359474,oscarr
SO137105,7359475,Miguel
SO137361,7359476,oscarr
SO137344,7359477,oscarr
SO137451,7358968,oscarr
SO137337,7358969,oscarr
SO137343,7358970,oscarr
SO137340,7358971,oscarr
SO137329,7358972,oscarr
SO137334,7358973,oscarr
SO137438,7358975,oscarr
SO137327,7358489,oscarr
SO137437,7358967,oscarr
SO137324,7358478,oscarr
SO137291,7358483,oscarr
SO137307,7358463,oscarr
SO137434,7358467,oscarr
SO137309,7358470,oscarr
SO137318,7358474,oscarr
SO137284,7357868,oscarr
SO137280,7358460,oscarr
SO137286,7358461,oscarr
SO137290,7358462,oscarr
SO137251,7358160,oscarr
SO137248,7358161,oscarr
SO137264,7358162,oscarr
SO137250,7358163,oscarr
SO137241,7358164,oscarr
SO137252,7358165,oscarr
SO137244,7358166,oscarr
SO137236,7357860,oscarr
SO137039,7357861,oscarr
SO137226,7357862,oscarr
SO137227,7357863,oscarr
SO137213,7357864,oscarr
SO137223,7357865,oscarr
SO136866,7357866,oscarr
SO136914,7357867,oscarr
SO136863,7357458,oscarr
SO136816,7357459,oscarr
SO137312,7353316,Miguel
SO137050,7352516,Miguel
SO137149,7352517,Miguel
SO137331,7352518,rodrigoa
SO137108,7352519,Miguel
SO137168,7352520,Miguel
SO137206,7352521,Miguel
SO136571,7352522,Miguel
SO137100,7352523,Miguel
SO137217,7352524,Miguel
SO137292,7352525,rodrigoa
SO137049,7351952,Miguel
SO137187,7351953,rodrigoa
SO136811,7351954,Miguel
SO137052,7351955,Miguel
SO137189,7352415,rodrigoa
SO136997,7352416,Miguel
SO136999,7352417,Miguel
SO137220,7352418,rodrigoa
SO137133,7352419,Miguel
SO137182,7352420,Miguel
SO136951,7352421,Miguel
SO137209,7352422,Miguel
SO137258,7352423,rodrigoa
SO137146,7351951,rodrigoa
SO137177,7351941,rodrigoa
SO137072,7351942,rodrigoa
SO137051,7351943,rodrigoa
SO137047,7351944,rodrigoa
SO137098,7351945,rodrigoa
SO137155,7351946,rodrigoa
SO137194,7351947,rodrigoa
SO137147,7351948,rodrigoa
SO137126,7351949,rodrigoa
SO136742,7351950,peterl
SO137071,7351928,Miguel
SO136948,7351930,Miguel
SO136892,7351931,Miguel
SO137123,7351932,Miguel
SO137175,7351933,Miguel
SO137127,7351934,Miguel
SO137001,7351935,Miguel
SO137129,7351936,Miguel
SO136945,7351937,Miguel
SO136734,7351938,Miguel
SO137181,7351939,rodrigoa
SO137184,7351940,Miguel
SO137054,7351443,Miguel
SO137193,7351444,rodrigoa
SO137099,7351914,Miguel
SO137058,7351915,Miguel
SO137101,7351916,Miguel
SO137199,7351917,Miguel
SO136861,7351918,Miguel
SO137109,7351920,Miguel
SO137061,7351921,Miguel
SO137207,7351922,Miguel
SO137211,7351924,Miguel
SO137068,7351925,Miguel
SO137164,7351926,rodrigoa
SO137132,7351440,rodrigoa
SO137198,7351424,Miguel
SO137169,7351426,Miguel
SO137180,7351435,Miguel
SO137260,7351411,Miguel
SO137140,7351415,rodrigoa
SO137192,7351416,Miguel
SO137143,7351418,rodrigoa
SO137116,7350813,rodrigoa
SO137259,7350814,Miguel
SO137096,7350815,rodrigoa
SO137107,7351407,rodrigoa
SO137144,7351408,Miguel
SO137124,7351409,Miguel
SO137135,7351410,Miguel
SO137095,7350803,rodrigoa
SO137093,7350320,rodrigoa
SO137088,7350321,rodrigoa
SO137076,7350322,rodrigoa
SO137268,7350323,Miguel
SO137077,7350324,rodrigoa
SO137069,7350303,rodrigoa
SO137064,7350316,rodrigoa
SO137066,7350318,rodrigoa
SO137060,7349895,rodrigoa
SO137048,7349896,rodrigoa
SO137269,7349897,Miguel
SO136990,7349604,rodrigoa
SO137033,7349605,rodrigoa
SO137025,7349893,rodrigoa
SO136985,7349894,rodrigoa
SO137113,7349886,rodrigoa
SO137045,7349684,rodrigoa
SO136970,7349597,rodrigoa
SO137128,7349598,Miguel
SO136949,7349599,rodrigoa
SO136957,7349600,rodrigoa
SO136955,7349601,rodrigoa
SO136977,7349602,rodrigoa
SO136971,7349603,rodrigoa
SO136933,7349594,rodrigoa
SO136915,7349582,rodrigoa
SO136896,7349586,rodrigoa
SO136880,7349587,rodrigoa
SO136894,7349588,rodrigoa
SO136950,7349589,rodrigoa
SO136852,7348893,rodrigoa
SO136830,7348895,rodrigoa
SO136872,7348876,rodrigoa
SO136855,7348878,rodrigoa
SO136817,7348879,rodrigoa
SO136823,7348886,rodrigoa
SO136882,7348887,rodrigoa
SO136802,7348875,rodrigoa
SO137148,7348074,Miguel
SO136799,7343002,rodrigoa
SO136801,7343003,rodrigoa
SO136788,7342987,rodrigoa
SO136792,7342991,rodrigoa
SO136798,7342997,rodrigoa
SO136758,7342299,rodrigoa
SO136592,7342285,oscarr
SO136786,7342286,rodrigoa
SO136770,7342292,rodrigoa
SO136646,7342293,oscarr
SO136778,7342295,rodrigoa
SO136777,7342297,rodrigoa
SO136751,7342280,rodrigoa
SO136768,7342281,rodrigoa
SO136749,7342282,rodrigoa
SO137016,7342283,oscarr
SO137017,7342284,oscarr
SO136754,7341399,rodrigoa
SO136746,7341400,rodrigoa
SO136536,7341401,oscarr
SO136748,7342279,rodrigoa
SO136732,7341396,rodrigoa
SO136745,7341397,rodrigoa
SO137081,7341398,rodrigoa
SO136619,7341374,oscarr
SO136840,7341375,Miguel
SO136730,7341376,Miguel
SO136879,7341377,Miguel
SO136883,7341378,Miguel
SO136644,7341379,Miguel
SO136692,7341380,Miguel
SO137031,7341381,Miguel
SO136606,7341382,Miguel
SO136577,7341383,Miguel
SO136903,7341384,Miguel
SO137003,7341385,Miguel
SO136807,7341386,Miguel
SO136848,7341387,Miguel
SO136865,7341388,Miguel
SO136757,7341389,Miguel
SO136677,7341390,Miguel
SO137006,7341391,rodrigoa
SO136888,7341392,Miguel
SO136850,7341393,Miguel
SO136808,7341394,Miguel
SO136682,7340760,Miguel
SO136858,7340761,Miguel
SO136616,7341373,Miguel
SO136874,7340758,Miguel
SO136739,7340759,Miguel
SO136769,7340735,Miguel
SO136628,7340738,Miguel
SO137034,7340740,Miguel
SO136938,7340741,Miguel
SO136937,7340742,Miguel
SO136935,7340743,Miguel
SO136939,7340746,Miguel
SO136636,7340747,Miguel
SO136520,7340748,Miguel
SO136727,7340752,Miguel
SO136731,7340754,Miguel
SO136643,7340755,Miguel
SO136961,7340756,Miguel
SO136834,7340710,Miguel
SO136680,7340711,Miguel
SO136744,7340712,Miguel
SO136683,7340713,Miguel
SO136902,7340716,Miguel
SO136844,7340717,Miguel
SO136691,7340718,Miguel
SO136756,7340719,Miguel
SO136907,7340720,Miguel
SO136698,7340721,Miguel
SO136905,7340722,Miguel
SO136849,7340723,Miguel
SO136763,7340724,Miguel
SO136916,7340727,Miguel
SO136765,7340728,Miguel
SO136766,7340729,Miguel
SO136919,7340730,Miguel
SO137024,7340731,Miguel
SO136857,7340732,Miguel
SO137028,7340733,rodrigoa
SO136924,7340734,Miguel
SO136963,7340694,Miguel
SO136964,7340696,Miguel
SO136966,7340697,Miguel
SO136965,7340698,Miguel
SO136967,7340699,Miguel
SO136878,7340700,Miguel
SO136665,7340701,Miguel
SO136820,7340702,Miguel
SO136671,7340703,Miguel
SO137004,7340704,rodrigoa
SO136981,7340707,Miguel
SO136886,7340708,Miguel
SO137005,7340709,rodrigoa
SO136986,7340676,oscarr
SO136988,7340677,oscarr
SO137043,7340678,oscarr
SO136973,7340682,oscarr
SO137011,7340685,rodrigoa
SO137002,7340686,oscarr
SO137074,7340687,oscarr
SO137015,7340689,rodrigoa
SO137018,7340692,rodrigoa
SO137038,7340693,oscarr
SO136911,7340479,oscarr
SO136889,7340480,oscarr
SO136944,7340481,oscarr
SO136891,7340482,oscarr
SO136897,7340483,oscarr
SO137009,7340484,rodrigoa
SO137014,7340485,rodrigoa
SO136908,7340486,oscarr
SO136885,7340487,oscarr
SO137012,7340488,rodrigoa
SO137013,7340489,rodrigoa
SO136934,7340490,oscarr
SO136869,7340491,oscarr
SO136867,7340473,oscarr
SO136959,7340474,rodrigoa
SO136941,7340475,rodrigoa
SO136827,7340476,oscarr
SO136995,7340477,rodrigoa
SO136819,7340478,oscarr
SO136862,7340470,oscarr
SO136918,7340471,rodrigoa
SO136847,7340472,oscarr
SO136904,7339713,rodrigoa
SO137083,7339701,oscarr
SO137084,7339703,oscarr
SO137082,7339704,oscarr
SO137085,7339707,oscarr
SO137086,7339708,oscarr
SO136818,7339683,oscarr
SO136884,7339685,rodrigoa
SO136424,7339686,Miguel
SO136870,7339693,rodrigoa
SO136887,7339694,rodrigoa
SO136871,7339695,rodrigoa
SO136812,7339682,oscarr
SO136783,7339676,rodrigoa
SO136784,7339677,oscarr
SO136833,7339680,rodrigoa
SO136868,7339681,rodrigoa
SO136813,7339183,oscarr
SO136791,7339660,oscarr
SO136854,7339661,rodrigoa
SO136785,7339662,oscarr
SO136809,7339663,oscarr
SO136793,7339665,oscarr
SO136794,7339666,rodrigoa
SO136859,7339668,rodrigoa
SO136821,7339672,rodrigoa
SO137062,7339182,oscarr
SO137021,7339167,Miguel
SO136767,7339168,oscarr
SO136709,7339169,rodrigoa
SO136711,7339170,rodrigoa
SO136753,7339171,oscarr
SO136733,7339172,oscarr
SO136755,7339173,rodrigoa
SO136760,7339174,oscarr
SO136716,7339175,oscarr
SO136735,7339176,oscarr
SO136719,7339177,rodrigoa
SO136737,7339178,rodrigoa
SO136743,7339179,oscarr
SO136718,7339180,rodrigoa
SO136738,7339181,rodrigoa
SO136704,7338664,rodrigoa
SO136705,7339156,rodrigoa
SO136708,7339157,oscarr
SO136715,7339158,oscarr
SO136689,7339159,rodrigoa
SO136721,7339160,oscarr
SO136707,7339162,rodrigoa
SO137020,7339164,rodrigoa
SO136701,7339165,rodrigoa
SO136703,7339166,oscarr
SO136621,7338654,oscarr
SO136607,7338655,oscarr
SO136524,7338656,oscarr
SO136573,7338657,oscarr
SO136664,7338658,oscarr
SO136932,7338659,oscarr
SO136923,7338660,Miguel
SO136540,7338661,oscarr
SO136604,7338662,oscarr
SO136620,7338663,oscarr
SO136614,7322539,Miguel
SO136555,7322540,rodrigoa
SO136586,7322237,rodrigoa
SO136635,7322238,Miguel
SO136583,7322239,rodrigoa
SO136518,7322240,rodrigoa
SO136527,7322241,rodrigoa
SO136563,7322242,Miguel
SO136496,7322243,rodrigoa
SO136561,7322244,rodrigoa
SO136495,7322245,rodrigoa
SO136694,7322246,Miguel
SO136529,7322247,rodrigoa
SO136467,7322248,Miguel
SO136546,7322249,rodrigoa
SO136578,7322250,rodrigoa
SO136517,7322124,rodrigoa
SO136539,7322125,rodrigoa
SO136672,7321102,rodrigoa
SO136468,7321103,Miguel
SO136523,7321104,rodrigoa
SO136519,7321105,rodrigoa
SO136678,7321106,rodrigoa
SO136545,7321107,rodrigoa
SO136658,7320279,rodrigoa
SO136661,7320280,rodrigoa
SO136649,7321092,rodrigoa
SO136639,7321093,rodrigoa
SO136667,7321096,rodrigoa
SO136565,7321097,rodrigoa
SO136673,7321098,rodrigoa
SO136679,7321099,rodrigoa
SO136652,7321100,rodrigoa
SO136615,7320272,rodrigoa
SO136582,7320273,rodrigoa
SO136612,7320274,rodrigoa
SO136627,7320275,rodrigoa
SO136553,7320276,rodrigoa
SO136645,7320277,rodrigoa
SO136567,7319565,rodrigoa
SO136575,7319566,rodrigoa
SO136591,7319567,rodrigoa
SO136557,7320266,rodrigoa
SO136609,7320267,rodrigoa
SO136574,7320268,rodrigoa
SO136595,7320269,rodrigoa
SO136670,7320270,rodrigoa
SO136600,7320271,rodrigoa
SO136669,7319564,rodrigoa
SO136589,7319664,rodrigoa
SO136588,7319663,rodrigoa
SO136597,7319662,rodrigoa
SO136651,7319661,rodrigoa
SO136549,7319166,rodrigoa
SO136558,7319562,rodrigoa
SO136642,7319159,rodrigoa
SO136633,7319161,rodrigoa
SO136634,7319163,rodrigoa
SO136632,7319164,rodrigoa
SO136525,7318656,rodrigoa
SO136631,7318658,rodrigoa
SO136510,7318276,rodrigoa
SO136514,7318651,rodrigoa
SO136512,7318652,rodrigoa
SO136501,7318270,rodrigoa
SO136630,7318271,rodrigoa
SO136509,7318272,rodrigoa
SO136484,7318273,rodrigoa
SO136480,7318274,rodrigoa
SO136488,7318263,rodrigoa
SO136463,7318252,rodrigoa
SO136477,7318254,rodrigoa
SO136453,7318255,rodrigoa
SO136306,7317547,rodrigoa
SO136440,7317557,rodrigoa
SO136443,7317558,rodrigoa
SO136618,7317560,rodrigoa
SO136438,7317543,rodrigoa
SO136436,7317544,rodrigoa
SO136379,7312786,rodrigoa
SO136407,7312788,rodrigoa
SO136345,7312789,rodrigoa
SO136430,7313082,oscarr
SO136224,7313081,oscarr
SO136401,7313080,oscarr
SO136433,7313079,oscarr
SO136218,7313078,oscarr
SO136343,7312781,rodrigoa
SO136375,7312782,rodrigoa
SO135991,7312783,Miguel
SO136339,7312784,oscarr
SO136235,7312785,rodrigoa
SO136232,7312706,rodrigoa
SO136320,7312707,rodrigoa
SO136259,7312708,oscarr
SO136283,7312709,rodrigoa
SO136294,7312710,rodrigoa
SO136126,7312777,oscarr
SO136286,7312778,oscarr
SO136319,7312779,rodrigoa
SO136277,7312780,rodrigoa
SO136381,7312690,rodrigoa
SO136462,7312691,oscarr
SO136354,7312692,rodrigoa
SO136331,7312693,rodrigoa
SO136326,7312694,rodrigoa
SO136469,7312695,oscarr
SO136470,7312696,oscarr
SO136322,7312697,rodrigoa
SO136471,7312698,oscarr
SO136231,7312699,rodrigoa
SO136365,7312700,rodrigoa
SO136482,7312701,oscarr
SO136483,7312702,oscarr
SO136411,7312703,rodrigoa
SO136242,7312704,oscarr
SO136409,7312705,rodrigoa
SO136387,7312679,Miguel
SO136310,7312680,rodrigoa
SO136312,7312681,rodrigoa
SO136315,7312683,rodrigoa
SO136317,7312685,rodrigoa
SO136451,7312688,oscarr
SO136307,7312079,rodrigoa
SO136309,7312677,rodrigoa
SO136297,7312067,rodrigoa
SO136288,7312069,rodrigoa
SO136250,7312070,rodrigoa
SO136264,7312071,rodrigoa
SO136262,7312072,rodrigoa
SO136265,7312073,rodrigoa
SO136285,7312075,rodrigoa
SO136272,7312077,rodrigoa
SO136502,7312064,oscarr
SO136494,7312065,oscarr
SO136478,7312066,oscarr
SO136373,7311609,oscarr
SO136454,7311610,oscarr
SO136466,7311613,oscarr
SO136455,7311615,oscarr
SO136215,7311616,rodrigoa
SO136220,7311619,rodrigoa
SO136221,7311621,rodrigoa
SO136423,7311596,oscarr
SO136425,7311597,oscarr
SO136434,7311598,oscarr
SO136429,7311599,oscarr
SO136431,7311601,oscarr
SO136435,7311602,oscarr
SO136234,7311604,rodrigoa
SO136450,7311606,oscarr
SO136338,7311588,oscarr
SO136341,7311591,oscarr
SO136136,7311592,rodrigoa
SO136361,7311568,oscarr
SO136282,7311569,oscarr
SO136504,7311571,oscarr
SO136446,7311572,oscarr
SO136155,7311573,rodrigoa
SO136367,7311574,oscarr
SO136162,7311575,rodrigoa
SO136374,7311576,oscarr
SO136291,7311578,oscarr
SO136292,7311579,oscarr
SO136290,7311580,oscarr
SO136127,7311581,rodrigoa
SO136398,7311582,rodrigoa
SO136333,7311583,oscarr
SO136334,7311585,oscarr
SO136473,7311586,oscarr
SO136192,7311562,rodrigoa
SO136091,7311565,rodrigoa
SO136144,7311566,rodrigoa
SO136360,7311567,oscarr
SO136289,7311360,oscarr
SO136458,7311361,oscarr
SO136243,7311362,oscarr
SO136491,7311363,oscarr
SO136351,7311364,rodrigoa
SO136251,7311365,oscarr
SO136240,7311366,oscarr
SO136241,7311367,oscarr
SO136284,7311368,oscarr
SO136353,7311369,oscarr
SO136159,7310756,oscarr
SO136161,7310757,oscarr
SO136237,7310759,oscarr
SO136239,7310761,oscarr
SO136112,7310764,oscarr
SO136114,7310766,oscarr
SO136229,7310767,oscarr
SO136465,7310268,oscarr
SO136080,7310273,oscarr
SO136082,7310274,oscarr
SO136448,7310276,oscarr
SO136452,7310281,oscarr
SO136416,7310260,oscarr
SO136464,7310261,oscarr
SO136461,7310265,oscarr
SO136385,7310249,oscarr
SO136396,7310254,oscarr
SO136408,7310258,oscarr
SO136368,7310259,oscarr
SO136363,7309650,oscarr
SO136263,7309651,oscarr
SO136456,7309652,oscarr
SO136313,7309653,oscarr
SO136357,7309654,oscarr
SO136344,7309648,oscarr
SO136257,7309045,oscarr
SO136457,7309645,oscarr
SO136201,7309646,oscarr
SO136402,7309647,oscarr
SO134190,7206009,sophiachau@water-creation.com
SO130794,7047232,Miguel